tag,score
A,10.0
A,8.5
A,8.5
A,8.5
A,8.5
A,8.5
A,8.5
A,8.5
A,8.5
A,8.5
A,8.5
A,8.5
H3,8.0
H3,8.0
A,8.0
A,8.5
A,8.5
A,8.5
A,10.0
A,8.5
A,8.5
A,8.5
A,8.5
A,8.5
A,8.5
A,8.5
A,8.5
A,8.5
A,8.5
A,8.5
H3,8.0
H3,8.0
A,8.0
A,8.5
A,8.5
A,8.5
A,10.0
A,8.5
A,8.5
A,8.5
A,8.5
A,8.5
A,8.5
A,8.5
A,8.5
A,8.5
A,8.5
A,8.5
H3,8.0
H3,8.0
A,8.0
A,8.5
A,8.5
A,8.5
A,10.0
A,8.5
A,8.5
A,8.5
A,8.5
A,8.5
A,8.5
A,8.5
A,8.5
A,8.5
A,8.5
A,8.5
H3,8.0
H3,8.0
A,8.0
A,8.5
A,8.5
A,8.5
A,10.0
A,8.5
A,8.5
A,8.5
A,8.5
A,8.5
A,8.5
A,8.5
A,8.5
A,8.5
A,8.5
A,8.5
H3,8.0
H3,8.0
A,8.0
A,8.5
A,8.5
A,8.5
A,10.0
A,8.5
A,8.5
A,8.5
A,8.5
A,8.5
A,8.5
A,8.5
A,8.5
A,8.5
A,8.5
A,8.5
H3,8.0
H3,8.0
A,8.0
A,8.5
A,8.5
A,8.5
A,10.0
A,8.5
A,8.5
A,8.5
A,8.5
A,8.5
A,8.5
A,8.5
A,8.5
A,8.5
A,8.5
A,8.5
H3,8.0
H3,8.0
A,8.0
A,8.5
A,8.5
A,8.5
A,10.0
A,8.5
A,8.5
A,8.5
A,8.5
A,8.5
A,8.5
A,8.5
A,8.5
A,8.5
A,8.5
A,8.5
H3,8.0
H3,8.0
A,8.0
A,8.5
A,8.5
A,8.5
A,10.0
A,8.5
A,8.5
A,8.5
A,8.5
A,8.5
A,8.5
A,8.5
A,8.5
A,8.5
A,8.5
A,8.5
H3,8.0
H3,8.0
A,8.0
A,8.5
A,8.5
A,8.5
A,10.0
A,8.5
A,8.5
A,8.5
A,8.5
A,8.5
,4.5
A,8.5
A,8.5
A,8.5
A,8.5
A,8.5
H3,8.0
H3,8.0
A,8.0
A,8.5
A,8.5
A,8.5
A,10.0
A,8.5
A,8.5
A,8.5
A,8.5
A,8.5
,4.5
A,8.5
A,8.5
A,8.5
A,8.5
A,8.5
H3,8.0
H3,8.0
A,8.0
A,8.5
A,8.5
A,8.5
A,10.0
A,8.5
A,8.5
A,8.5
A,8.5
A,8.5
,4.5
A,8.5
A,8.5
A,8.5
A,8.5
A,8.5
H3,8.0
H3,8.0
A,8.0
A,8.5
A,8.5
A,8.5
A,10.0
A,8.5
A,8.5
A,8.5
A,8.5
A,8.5
,4.5
A,8.5
A,8.5
A,8.5
A,8.5
A,8.5
H3,8.0
H3,8.0
A,8.0
A,8.5
A,8.5
A,8.5
A,8.5
A,8.5
A,8.5
A,8.5
A,8.5
A,8.5
,4.5
A,8.5
A,8.5
A,8.5
A,8.5
A,8.5
H3,8.0
H3,8.0
A,8.0
A,8.5
A,8.5
A,8.5
A,8.5
A,8.5
A,8.5
A,8.5
A,8.5
A,8.5
,4.5
A,8.5
A,8.5
A,8.5
A,8.5
A,8.5
H3,8.0
H3,8.0
A,8.0
A,8.5
A,8.5
A,8.5
INPUT,9.5
INPUT,9.5
INPUT,8.0
A,8.5
H1,8.0
A,8.5
A,8.5
DIV,8.0
DIV,8.0
DIV,8.0
A,8.0
A,8.0
A,8.0
A,8.0
A,8.0
A,8.0
A,8.0
A,8.0
A,8.0
A,8.0
A,8.0
A,8.0
A,8.0
A,8.0
A,8.0
A,8.0
A,8.0
LI,8.0
INPUT,9.5
INPUT,9.5
INPUT,8.0
A,8.5
H1,8.0
A,8.5
A,8.5
DIV,8.0
DIV,8.0
DIV,8.0
A,8.0
A,8.0
A,8.0
A,8.0
A,8.0
A,8.0
A,8.0
A,8.0
A,8.0
A,8.0
A,8.0
A,8.0
A,8.0
A,8.0
A,8.0
A,8.0
A,8.0
LI,8.0
INPUT,9.5
INPUT,9.5
INPUT,8.0
A,8.5
H1,8.0
A,8.5
A,8.5
DIV,8.0
DIV,8.0
DIV,8.0
A,8.0
A,8.0
A,8.0
A,8.0
A,8.0
A,8.0
A,8.0
A,8.0
A,8.0
A,8.0
A,8.0
A,8.0
A,8.0
A,8.0
A,8.0
A,8.0
A,8.0
LI,8.0
INPUT,9.5
INPUT,9.5
INPUT,8.0
A,8.5
H1,8.0
A,8.5
A,8.5
DIV,8.0
DIV,8.0
DIV,8.0
A,8.0
A,8.0
A,8.0
A,8.0
A,8.0
A,8.0
A,8.0
A,8.0
A,8.0
A,8.0
A,8.0
A,8.0
A,8.0
A,8.0
A,8.0
A,8.0
A,8.0
LI,8.0
INPUT,9.5
INPUT,9.5
INPUT,8.0
A,8.5
H1,8.0
A,8.5
A,8.5
DIV,8.0
DIV,8.0
DIV,8.0
A,8.0
A,8.0
A,8.0
A,8.0
A,8.0
A,8.0
A,8.0
A,8.0
A,8.0
A,8.0
A,8.0
A,8.0
A,8.0
A,8.0
A,8.0
A,8.0
A,8.0
LI,8.0
INPUT,9.5
INPUT,9.5
INPUT,8.0
A,8.5
H1,8.0
A,8.5
A,8.5
DIV,8.0
DIV,8.0
DIV,8.0
A,8.0
A,8.0
A,8.0
A,8.0
A,8.0
A,8.0
A,8.0
A,8.0
A,8.0
A,8.0
A,8.0
A,8.0
A,8.0
A,8.0
A,8.0
A,8.0
A,8.0
LI,8.0
INPUT,9.5
INPUT,9.5
INPUT,8.0
A,8.5
H1,8.0
A,8.5
A,8.5
DIV,8.0
DIV,8.0
DIV,8.0
A,8.0
A,8.0
A,8.0
A,8.0
A,8.0
A,8.0
A,8.0
A,8.0
A,8.0
A,8.0
A,8.0
A,8.0
A,8.0
A,8.0
A,8.0
A,8.0
A,8.0
LI,8.0
INPUT,8.0
INPUT,8.0
,4.5
,4.5
,4.5
A,8.5
A,8.5
,4.5
,4.5
,4.5
A,8.5
A,8.5
A,8.5
A,8.5
,4.5
A,8.5
A,8.5
A,8.5
A,8.5
,4.5
,4.5
A,8.5
A,8.5
A,8.5
A,8.5
A,8.5
A,8.5
,4.5
,4.5
,4.5
,4.5
,4.5
,4.5
A,8.5
SPAN,8.0
,4.5
,4.5
,4.5
A,8.5
A,8.5
A,8.5
A,8.5
,4.5
A,8.5
A,8.5
A,8.5
A,8.5
,4.5
,4.5
A,8.5
A,8.5
A,8.5
A,8.5
A,8.5
A,8.5
,4.5
,4.5
,4.5
,4.5
,4.5
,4.5
A,8.5
A,8.5
,4.5
,4.5
,4.5
A,8.5
A,8.5
A,8.5
A,8.5
,4.5
A,8.5
A,8.5
A,8.5
A,8.5
,4.5
,4.5
A,8.5
A,8.5
A,8.5
A,8.5
A,8.5
A,8.5
,4.5
,4.5
,4.5
,4.5
,4.5
,4.5
A,8.5
A,8.5
,4.5
,4.5
,4.5
A,8.5
A,8.5
A,8.5
A,8.5
,4.5
A,8.5
A,8.5
A,8.5
A,8.5
,4.5
,4.5
A,8.5
A,8.5
A,8.5
A,8.5
A,8.5
A,8.5
,4.5
,4.5
,4.5
,4.5
,4.5
,4.5
A,8.5
A,8.5
,4.5
,4.5
,4.5
A,8.5
A,8.5
A,8.5
A,8.5
,4.5
A,8.5
A,8.5
A,8.5
A,8.5
,4.5
,4.5
A,8.5
A,8.5
A,8.5
A,8.5
A,8.5
A,8.5
,4.5
,4.5
,4.5
,4.5
,4.5
,4.5
A,8.5
A,8.5
,4.5
,4.5
,4.5
A,8.5
A,8.5
A,8.5
A,8.5
,4.5
A,8.5
A,8.5
A,8.5
A,8.5
,4.5
,4.5
A,8.5
A,8.5
A,8.5
A,8.5
A,8.5
A,8.5
,4.5
,4.5
,4.5
,4.5
,4.5
,4.5
,4.5
A,8.5
,4.5
,4.5
,4.5
,4.5
,4.5
,4.5
,4.5
,4.5
A,8.5
A,8.5
A,8.5
A,8.5
,4.5
,4.5
A,8.5
,4.5
,4.5
,4.5
,4.5
A,8.5
,4.5
,4.5
,4.5
,4.5
,4.5
,4.5
,4.5
A,8.5
,4.5
,4.5
,4.5
,4.5
,4.5
,4.5
,4.5
,4.5
A,8.5
A,8.5
A,8.5
A,8.5
,4.5
,4.5
A,8.5
,4.5
,4.5
,4.5
,4.5
A,8.5
,4.5
A,6.5
A,8.0
,4.5
A,8.0
LI,8.0
LI,8.0
,4.5
LI,8.0
A,7.0
A,7.0
A,7.0
A,8.5
DIV,6.5
A,9.0
BUTTON,8.0
A,8.5
,4.5
A,8.5
A,8.5
A,8.5
A,8.5
A,8.5
A,8.5
A,8.5
A,8.5
A,8.5
A,8.5
A,6.5
A,8.0
,4.5
A,8.0
LI,8.0
LI,8.0
,4.5
LI,8.0
A,7.0
A,7.0
A,7.0
A,8.5
,4.5
A,9.0
BUTTON,8.0
A,8.5
,4.5
A,8.5
A,8.5
A,8.5
A,8.5
A,8.5
A,8.5
A,8.5
A,8.5
A,8.5
A,8.5
A,6.5
A,8.0
,4.5
A,8.0
LI,8.0
LI,8.0
,4.5
LI,8.0
A,7.0
A,7.0
A,7.0
A,8.5
,4.5
A,9.0
BUTTON,8.0
A,8.5
,4.5
A,8.5
A,8.5
A,8.5
A,8.5
A,8.5
A,8.5
A,8.5
A,8.5
A,8.5
A,8.5
A,6.5
A,8.0
,4.5
A,8.0
LI,8.0
LI,8.0
,4.5
LI,8.0
A,7.0
A,7.0
A,7.0
A,8.5
,4.5
A,9.0
BUTTON,8.0
A,8.5
,4.5
A,8.5
A,8.5
A,8.5
A,8.5
A,8.5
A,8.5
A,8.5
A,8.5
A,8.5
A,8.5
A,6.5
A,8.0
,4.5
A,8.0
LI,8.0
LI,8.0
,4.5
LI,8.0
A,7.0
A,7.0
A,7.0
A,8.5
,4.5
A,9.0
BUTTON,8.0
A,8.5
,4.5
A,8.5
A,8.5
A,8.5
A,8.5
A,8.5
A,8.5
A,8.5
A,8.5
A,8.5
A,8.5
A,7.0
A,8.5
,4.5
,4.5
,4.5
,4.5
,4.5
A,8.5
A,7.0
A,7.0
A,7.0
A,8.5
,4.5
A,8.5
BUTTON,8.0
A,8.5
,4.5
A,8.5
,4.5
,4.5
,4.5
A,8.5
A,8.5
A,8.5
A,8.5
A,8.5
,4.5
A,7.0
A,8.5
,4.5
,4.5
,4.5
,4.5
,4.5
A,8.5
A,7.0
A,7.0
A,7.0
A,8.5
,4.5
A,8.5
BUTTON,8.0
A,8.5
,4.5
A,8.5
,4.5
,4.5
,4.5
A,8.5
A,8.5
A,8.5
A,8.5
A,8.5
,4.5
A,7.0
A,8.5
,4.5
,4.5
,4.5
,4.5
,4.5
A,8.5
A,7.0
A,7.0
A,7.0
A,8.5
,4.5
A,8.5
BUTTON,8.0
A,8.5
,4.5
A,8.5
,4.5
,4.5
,4.5
A,8.5
A,8.5
A,8.5
A,8.5
A,8.5
,4.5
A,7.0
A,8.5
,4.5
,4.5
,4.5
,4.5
,4.5
A,8.5
A,7.0
A,7.0
A,7.0
A,8.5
,4.5
A,8.5
BUTTON,8.0
A,8.5
,4.5
A,8.5
,4.5
,4.5
,4.5
A,8.5
A,8.5
A,8.5
A,8.5
,4.5
,4.5
A,7.0
A,8.5
,4.5
,4.5
,4.5
,4.5
,4.5
A,8.5
A,7.0
A,7.0
A,7.0
A,8.5
,4.5
A,8.5
BUTTON,8.0
A,8.5
,4.5
A,8.5
,4.5
,4.5
,4.5
A,8.5
A,8.5
A,8.5
A,8.5
,4.5
,4.5
A,7.0
A,8.5
,4.5
,4.5
,4.5
,4.5
,4.5
A,8.5
A,7.0
A,7.0
A,7.0
A,8.5
,4.5
A,8.5
BUTTON,8.0
A,8.5
,4.5
A,8.5
,4.5
,4.5
,4.5
A,8.5
A,8.5
A,8.5
A,8.5
,4.5
,4.5
A,7.0
A,8.5
,4.5
,4.5
,4.5
,4.5
,4.5
A,8.5
A,7.0
A,7.0
A,7.0
A,8.5
,4.5
A,8.5
BUTTON,8.0
A,8.5
,4.5
A,8.5
,4.5
,4.5
,4.5
A,8.5
A,8.5
A,8.5
A,8.5
,4.5
,4.5
A,7.0
A,8.5
,4.5
,4.5
,4.5
,4.5
,4.5
A,8.5
A,7.0
A,7.0
A,7.0
A,8.5
,4.5
A,8.5
BUTTON,8.0
A,8.5
,4.5
A,8.5
,4.5
,4.5
,4.5
A,8.5
A,8.5
A,8.5
A,8.5
,4.5
,4.5
A,7.0
A,8.5
,4.5
,4.5
,4.5
,4.5
,4.5
A,8.5
A,7.0
A,7.0
A,7.0
A,8.5
,4.5
A,8.5
BUTTON,8.0
A,8.5
,4.5
A,8.5
,4.5
,4.5
,4.5
A,8.5
A,8.5
A,8.5
A,8.5
,4.5
,4.5
A,7.0
A,8.5
,4.5
,4.5
,4.5
,4.5
,4.5
A,8.5
A,7.0
A,7.0
A,7.0
A,8.5
,4.5
A,8.5
BUTTON,8.0
A,8.5
,4.5
A,8.5
,4.5
,4.5
,4.5
A,8.5
A,8.5
A,8.5
A,8.5
,4.5
,4.5
A,6.998767460969598
A,8.498767460969598
A,9.998767460969598
A,8.498767460969598
A,8.498767460969598
A,8.498767460969598
A,8.498767460969598
A,8.498767460969598
A,9.498767460969598
A,9.498767460969598
A,9.498767460969598
A,9.498767460969598
A,9.998767460969598
SPAN,8.0
INPUT,11.0
INPUT,9.5
A,10.0
A,10.0
A,10.0
A,8.0
A,8.0
A,8.0
A,8.0
A,8.0
A,8.0
A,8.0
A,8.0
A,8.0
A,8.0
A,8.0
A,8.0
A,8.0
A,8.0
A,8.0
A,8.0
A,8.0
A,8.0
A,8.0
A,8.0
A,8.0
A,5.0
A,5.0
A,5.0
A,5.0
A,6.998685363716039
A,8.498685363716039
A,9.998685363716039
A,8.498685363716039
A,8.498685363716039
A,8.498685363716039
A,8.498685363716039
A,8.498685363716039
A,9.498685363716039
A,9.498685363716039
A,9.498685363716039
A,9.498685363716039
A,9.998685363716039
,4.5
INPUT,11.0
INPUT,9.5
A,10.0
A,10.0
A,10.0
A,8.0
A,8.0
A,8.0
A,8.0
A,8.0
A,8.0
A,8.0
A,8.0
A,8.0
A,8.0
A,8.0
A,8.0
A,8.0
A,8.0
A,8.0
A,8.0
A,8.0
A,8.0
A,8.0
A,8.0
A,8.0
A,5.0
A,5.0
A,5.0
A,5.0
A,6.998659517426273
A,8.498659517426272
A,9.998659517426272
A,8.498659517426272
A,8.498659517426272
A,8.498659517426272
A,8.498659517426272
A,8.498659517426272
A,9.498659517426272
A,9.498659517426272
A,9.498659517426272
A,9.498659517426272
A,9.998659517426272
,4.5
INPUT,11.0
INPUT,9.5
A,10.0
A,10.0
A,10.0
A,8.0
A,8.0
A,8.0
A,8.0
A,8.0
A,8.0
A,8.0
A,8.0
A,8.0
A,8.0
A,8.0
A,8.0
A,8.0
A,8.0
A,8.0
A,8.0
,4.5
A,8.0
A,8.0
A,8.0
A,8.0
A,5.0
A,5.0
A,5.0
A,5.0
A,6.998676081200353
A,8.498676081200353
A,9.998676081200353
A,8.498676081200353
A,8.498676081200353
A,8.498676081200353
A,8.498676081200353
A,8.498676081200353
A,9.498676081200353
A,9.498676081200353
A,9.498676081200353
A,9.498676081200353
A,9.998676081200353
,4.5
INPUT,11.0
,4.5
,4.5
,4.5
,4.5
A,8.0
A,8.0
A,8.0
A,8.0
A,8.0
A,8.0
A,8.0
A,8.0
A,8.0
A,8.0
A,8.0
A,8.0
A,8.0
A,8.0
A,8.0
A,8.0
,4.5
A,8.0
A,8.0
A,8.0
A,8.0
A,6.5
A,6.5
A,6.5
A,6.5
A,6.998772504091653
A,8.498772504091653
A,9.998772504091653
A,8.498772504091653
A,8.498772504091653
A,8.498772504091653
A,8.498772504091653
A,8.498772504091653
A,9.498772504091653
A,9.498772504091653
A,9.498772504091653
A,9.498772504091653
A,9.998772504091653
,4.5
INPUT,11.0
,4.5
,4.5
,4.5
,4.5
A,8.0
A,8.0
A,8.0
A,8.0
A,8.0
A,8.0
A,8.0
A,8.0
A,8.0
A,8.0
A,8.0
A,8.0
A,8.0
A,8.0
A,8.0
A,8.0
,4.5
A,8.0
A,8.0
A,8.0
A,8.0
A,6.5
A,6.5
A,6.5
A,6.5
A,6.9987873888439776
A,8.498787388843978
A,9.998787388843978
A,8.498787388843978
A,8.498787388843978
A,8.498787388843978
A,8.498787388843978
A,8.498787388843978
A,9.498787388843978
A,9.498787388843978
A,9.498787388843978
A,9.498787388843978
A,9.998787388843978
,4.5
INPUT,11.0
,4.5
,4.5
,4.5
,4.5
A,8.0
A,8.0
A,8.0
A,8.0
A,8.0
A,8.0
A,8.0
A,8.0
A,8.0
A,8.0
A,8.0
A,8.0
A,8.0
A,8.0
A,8.0
A,8.0
,4.5
A,8.0
A,8.0
A,8.0
A,8.0
A,6.5
A,6.5
A,6.5
A,6.5
A,6.9987873888439776
A,8.498787388843978
,4.5
,4.5
,4.5
A,8.498787388843978
A,8.498787388843978
A,8.498787388843978
A,9.498787388843978
A,9.498787388843978
A,9.498787388843978
A,9.498787388843978
A,9.998787388843978
,4.5
INPUT,11.0
,4.5
,4.5
,4.5
,4.5
A,8.0
A,8.0
A,8.0
A,8.0
A,8.0
A,8.0
A,8.0
A,8.0
A,8.0
A,8.0
A,8.0
A,8.0
A,8.0
A,8.0
A,8.0
A,8.0
,4.5
A,8.0
A,8.0
A,8.0
A,8.0
A,6.5
A,6.5
A,6.5
A,6.5
A,6.998695652173913
A,8.498695652173913
,4.5
,4.5
,4.5
A,8.498695652173913
A,8.498695652173913
A,8.498695652173913
A,9.498695652173913
A,9.498695652173913
A,9.498695652173913
A,9.498695652173913
A,9.998695652173913
,4.5
INPUT,11.0
,4.5
,4.5
,4.5
,4.5
A,8.0
A,8.0
A,8.0
A,8.0
A,8.0
A,8.0
A,8.0
A,8.0
A,8.0
A,8.0
A,8.0
A,8.0
A,8.0
A,8.0
A,8.0
A,8.0
,4.5
A,8.0
A,8.0
A,8.0
A,8.0
A,6.5
A,6.5
A,6.5
A,6.5
A,6.998768472906404
A,8.498768472906404
,4.5
,4.5
,4.5
A,8.498768472906404
A,8.498768472906404
A,8.498768472906404
A,9.498768472906404
A,9.498768472906404
A,9.498768472906404
A,9.498768472906404
A,9.998768472906404
,4.5
INPUT,11.0
,4.5
,4.5
,4.5
,4.5
A,8.0
A,8.0
A,8.0
A,8.0
A,8.0
A,8.0
A,8.0
A,8.0
A,8.0
A,8.0
A,8.0
A,8.0
A,8.0
A,8.0
A,8.0
A,8.0
,4.5
A,8.0
A,8.0
A,8.0
A,8.0
A,6.5
A,6.5
A,6.5
A,6.5
A,6.998732037193576
A,8.498732037193577
,4.5
,4.5
,4.5
A,8.498732037193577
A,8.498732037193577
A,8.498732037193577
A,9.498732037193577
A,9.498732037193577
A,9.498732037193577
A,9.498732037193577
A,9.998732037193577
,4.5
INPUT,11.0
,4.5
,4.5
,4.5
,4.5
A,8.0
A,8.0
A,8.0
A,8.0
A,8.0
A,8.0
A,8.0
A,8.0
A,8.0
A,8.0
A,8.0
A,8.0
A,8.0
A,8.0
A,8.0
A,8.0
,4.5
A,8.0
A,8.0
A,8.0
A,8.0
A,6.5
A,6.5
A,6.5
A,6.5
A,6.998739495798319
A,8.498739495798318
,4.5
,4.5
,4.5
A,8.498739495798318
A,8.498739495798318
A,8.498739495798318
A,9.498739495798318
A,9.498739495798318
A,9.498739495798318
A,9.498739495798318
A,9.998739495798318
,4.5
INPUT,11.0
,4.5
,4.5
,4.5
,4.5
A,8.0
A,8.0
A,8.0
A,8.0
A,8.0
A,8.0
A,8.0
A,8.0
A,8.0
A,8.0
A,8.0
A,8.0
A,8.0
A,8.0
A,8.0
A,8.0
,4.5
A,8.0
A,8.0
A,8.0
A,8.0
A,6.5
A,6.5
A,6.5
A,6.5
A,6.998739495798319
A,8.498739495798318
,4.5
,4.5
,4.5
A,8.498739495798318
A,8.498739495798318
A,8.498739495798318
A,9.498739495798318
A,9.498739495798318
A,9.498739495798318
A,9.498739495798318
A,9.998739495798318
,4.5
INPUT,11.0
,4.5
,4.5
,4.5
,4.5
A,8.0
A,8.0
A,8.0
A,8.0
A,8.0
A,8.0
A,8.0
A,8.0
A,8.0
A,8.0
A,8.0
A,8.0
A,8.0
A,8.0
A,8.0
A,8.0
,4.5
A,8.0
A,8.0
A,8.0
A,8.0
A,6.5
A,6.5
A,6.5
A,6.5
A,6.998739495798319
A,8.498739495798318
,4.5
,4.5
,4.5
A,8.498739495798318
A,8.498739495798318
A,8.498739495798318
A,9.498739495798318
A,9.498739495798318
A,9.498739495798318
A,9.498739495798318
A,9.998739495798318
,4.5
INPUT,11.0
,4.5
,4.5
,4.5
,4.5
A,8.0
A,8.0
A,8.0
A,8.0
A,8.0
A,8.0
A,8.0
A,8.0
A,8.0
A,8.0
A,8.0
A,8.0
A,8.0
A,8.0
A,8.0
A,8.0
,4.5
A,8.0
A,8.0
A,8.0
A,8.0
A,6.5
A,6.5
A,6.5
A,6.5
A,6.998739495798319
A,8.498739495798318
,4.5
,4.5
,4.5
A,8.498739495798318
A,8.498739495798318
A,8.498739495798318
A,9.498739495798318
A,9.498739495798318
A,9.498739495798318
A,9.498739495798318
A,9.998739495798318
,4.5
INPUT,11.0
,4.5
,4.5
,4.5
,4.5
A,8.0
A,8.0
A,8.0
A,8.0
A,8.0
A,8.0
A,8.0
A,8.0
A,8.0
A,8.0
A,8.0
A,8.0
A,8.0
A,8.0
A,8.0
A,8.0
,4.5
A,8.0
A,8.0
A,8.0
A,8.0
A,6.5
A,6.5
A,6.5
A,6.5
A,6.998823529411765
A,8.498823529411766
,4.5
,4.5
,4.5
A,8.498823529411766
A,8.498823529411766
A,8.498823529411766
A,9.498823529411766
A,9.498823529411766
A,9.498823529411766
A,9.498823529411766
A,9.998823529411766
,4.5
INPUT,11.0
,4.5
,4.5
,4.5
,4.5
A,8.0
A,8.0
A,8.0
A,8.0
A,8.0
A,8.0
A,8.0
A,8.0
A,8.0
A,8.0
A,8.0
A,8.0
A,8.0
A,8.0
A,8.0
A,8.0
,4.5
A,8.0
A,8.0
A,8.0
A,8.0
A,6.5
A,6.5
A,6.5
A,6.5
A,10.0
A,10.0
A,10.0
A,10.0
A,10.0
A,10.0
DIV,8.0
INPUT,8.997504159733777
SELECT,10.497431506849315
BUTTON,7.997431506849315
BUTTON,9.49740034662045
A,8.0
A,8.0
SPAN,8.0
SPAN,8.0
SPAN,8.0
SPAN,8.0
SPAN,8.0
SPAN,8.0
A,8.0
A,8.0
A,10.0
A,10.0
A,10.0
A,10.0
A,10.0
A,10.0
DIV,8.0
INPUT,8.997504159733777
SELECT,10.497431506849315
BUTTON,7.997431506849315
BUTTON,9.49740034662045
A,8.0
A,8.0
SPAN,8.0
SPAN,8.0
SPAN,8.0
SPAN,8.0
SPAN,8.0
SPAN,8.0
A,8.0
A,8.0
A,10.0
A,10.0
A,10.0
A,10.0
A,10.0
A,10.0
DIV,8.0
INPUT,8.997545008183305
SELECT,10.497474747474747
BUTTON,7.997474747474747
BUTTON,9.497444633730835
A,8.0
,4.5
SPAN,8.0
SPAN,8.0
SPAN,8.0
SPAN,8.0
SPAN,8.0
SPAN,8.0
A,8.0
A,8.0
A,10.0
A,10.0
A,10.0
A,10.0
A,10.0
A,10.0
DIV,8.0
INPUT,8.997553017944535
SELECT,10.49748322147651
BUTTON,7.99748322147651
BUTTON,9.497453310696095
A,8.0
,4.5
SPAN,8.0
SPAN,8.0
SPAN,8.0
SPAN,8.0
SPAN,8.0
SPAN,8.0
A,8.0
A,8.0
A,10.0
A,10.0
A,10.0
A,10.0
A,10.0
A,10.0
DIV,8.0
INPUT,8.997607655502392
SELECT,10.497540983606557
BUTTON,7.997540983606557
BUTTON,9.497512437810945
A,8.0
,4.5
SPAN,8.0
SPAN,8.0
SPAN,8.0
SPAN,8.0
SPAN,8.0
SPAN,8.0
A,8.0
A,8.0
A,10.0
A,10.0
A,10.0
A,10.0
A,10.0
A,10.0
H1,8.0
INPUT,8.997667185069984
SELECT,10.497603833865815
BUTTON,7.997603833865815
BUTTON,9.497576736672052
A,8.0
,4.5
SPAN,8.0
SPAN,8.0
SPAN,8.0
SPAN,8.0
SPAN,8.0
SPAN,8.0
A,8.0
A,8.0
A,10.0
A,10.0
A,10.0
A,10.0
A,10.0
A,10.0
H1,8.0
INPUT,8.997667185069984
SELECT,10.497603833865815
BUTTON,7.997603833865815
BUTTON,9.497576736672052
A,8.0
,4.5
SPAN,8.0
SPAN,8.0
SPAN,8.0
SPAN,8.0
SPAN,8.0
SPAN,8.0
A,8.0
A,8.0
A,10.0
A,10.0
A,10.0
A,10.0
A,10.0
A,10.0
H1,8.0
INPUT,8.99772036474164
SELECT,10.497659906396256
BUTTON,7.997659906396256
BUTTON,9.49763406940063
A,8.0
,4.5
SPAN,8.0
SPAN,8.0
SPAN,8.0
SPAN,8.0
SPAN,8.0
SPAN,8.0
A,8.0
A,8.0
A,10.0
A,10.0
A,10.0
A,10.0
A,10.0
A,10.0
H1,8.0
INPUT,8.99772036474164
SELECT,10.497659906396256
BUTTON,7.997659906396256
BUTTON,9.49763406940063
,4.5
,4.5
SPAN,8.0
SPAN,8.0
SPAN,8.0
SPAN,8.0
SPAN,8.0
SPAN,8.0
A,8.0
A,8.0
A,10.0
A,10.0
A,10.0
A,10.0
A,10.0
A,10.0
H1,8.0
INPUT,8.99775112443778
SELECT,10.497692307692308
BUTTON,7.997692307692308
BUTTON,9.497667185069984
,4.5
,4.5
SPAN,8.0
SPAN,8.0
SPAN,8.0
SPAN,8.0
SPAN,8.0
SPAN,8.0
A,8.0
A,8.0
A,10.0
A,10.0
A,10.0
A,10.0
A,10.0
A,10.0
H1,8.0
INPUT,8.99775112443778
SELECT,10.497692307692308
BUTTON,7.997692307692308
BUTTON,9.497667185069984
,4.5
,4.5
SPAN,8.0
SPAN,8.0
SPAN,8.0
SPAN,8.0
SPAN,8.0
SPAN,8.0
A,8.0
A,8.0
A,10.0
A,10.0
A,10.0
A,10.0
A,10.0
A,10.0
H1,8.0
INPUT,8.99775112443778
SELECT,10.497692307692308
BUTTON,7.997692307692308
BUTTON,9.497667185069984
,4.5
,4.5
SPAN,8.0
SPAN,8.0
SPAN,8.0
SPAN,8.0
SPAN,8.0
SPAN,8.0
A,8.0
A,8.0
A,10.0
A,10.0
A,10.0
A,10.0
A,10.0
A,10.0
H1,8.0
INPUT,8.99772036474164
SELECT,10.497674418604651
BUTTON,7.997674418604651
BUTTON,9.497641509433961
,4.5
,4.5
SPAN,8.0
SPAN,8.0
SPAN,8.0
SPAN,8.0
SPAN,8.0
SPAN,8.0
A,8.0
A,8.0
A,10.0
A,10.0
A,10.0
A,10.0
A,10.0
A,10.0
H1,8.0
INPUT,8.99772036474164
SELECT,10.497674418604651
BUTTON,7.997674418604651
BUTTON,9.497641509433961
,4.5
,4.5
SPAN,8.0
SPAN,8.0
SPAN,8.0
SPAN,8.0
SPAN,8.0
SPAN,8.0
A,8.0
A,8.0
A,10.0
A,10.0
A,10.0
A,10.0
A,10.0
A,10.0
H1,8.0
INPUT,8.99772036474164
SELECT,10.497659906396256
BUTTON,7.997659906396256
BUTTON,9.497641509433961
,4.5
,4.5
SPAN,8.0
SPAN,8.0
SPAN,8.0
SPAN,8.0
SPAN,8.0
SPAN,8.0
A,8.0
A,8.0
A,8.0
A,7.0
SELECT,11.0
INPUT,8.0
INPUT,7.998002663115845
A,10.0
A,8.5
A,8.5
A,8.5
A,8.5
,4.5
A,8.5
A,9.99795918367347
A,9.99795918367347
A,9.99795918367347
A,9.99795918367347
A,9.99795918367347
A,10.0
A,8.5
A,8.5
A,8.5
A,8.5
A,8.5
A,8.5
A,8.5
A,8.5
A,8.5
A,8.5
A,8.5
A,8.5
A,8.5
A,8.5
A,8.5
A,8.5
A,8.5
A,8.5
A,8.5
A,8.5
A,8.5
A,8.5
A,8.5
A,8.5
A,8.5
A,8.0
A,7.0
SELECT,11.0
INPUT,8.0
INPUT,7.997854077253219
A,10.0
A,8.5
A,8.5
,4.5
A,8.5
,4.5
A,8.5
A,9.99785407725322
A,9.99785407725322
A,9.99785407725322
A,9.99785407725322
A,9.99785407725322
A,10.0
A,8.5
,4.5
A,8.5
A,8.5
A,8.5
A,8.5
A,8.5
A,8.5
A,8.5
A,8.5
A,8.5
A,8.5
A,8.5
A,8.5
A,8.5
A,8.5
A,8.5
A,8.5
A,8.5
A,8.5
A,8.5
A,8.5
A,8.5
A,8.5
A,8.5
A,7.998074454428755
A,6.998074454428755
SELECT,10.998031496062993
INPUT,8.0
INPUT,7.998031496062993
,4.5
A,8.498031496062993
A,8.498031496062993
,4.5
A,8.498031496062993
,4.5
,4.5
A,9.998031496062993
A,9.998031496062993
A,9.998031496062993
A,9.998031496062993
A,9.998031496062993
A,10.0
A,8.5
,4.5
A,8.5
A,8.5
A,8.5
A,8.5
A,8.5
A,8.5
A,8.5
A,8.5
A,8.5
A,8.5
A,8.5
A,8.5
A,8.5
A,8.5
A,8.5
A,8.5
A,8.5
A,8.5
A,8.5
A,8.5
A,8.5
A,8.5
A,8.5
A,8.0
A,7.0
SELECT,11.0
INPUT,8.0
INPUT,7.99822695035461
,4.5
A,8.5
A,8.5
,4.5
A,8.5
,4.5
,4.5
A,9.99822695035461
A,9.99822695035461
A,9.99822695035461
A,9.99822695035461
A,9.99822695035461
A,10.0
A,8.5
,4.5
A,8.5
A,8.5
A,8.5
A,8.5
A,8.5
A,8.5
A,8.5
A,8.5
A,8.5
A,8.5
A,8.5
A,8.5
A,8.5
,4.5
A,8.5
A,8.5
A,8.5
A,8.5
A,8.5
A,8.5
A,8.5
A,8.5
A,8.5
A,8.0
A,7.0
SELECT,11.0
INPUT,8.0
INPUT,7.998279816513762
,4.5
,4.5
A,8.5
,4.5
A,8.5
,4.5
,4.5
A,9.998279816513762
A,9.998279816513762
A,9.998279816513762
A,9.998279816513762
A,9.998279816513762
A,10.0
A,8.5
,4.5
A,8.5
A,8.5
A,8.5
A,8.5
A,8.5
A,8.5
A,8.5
A,8.5
A,8.5
A,8.5
A,8.5
A,8.5
A,8.5
,4.5
A,8.5
A,8.5
A,8.5
A,8.5
A,8.5
A,8.5
A,8.5
A,8.5
A,8.5
A,8.0
A,7.0
SELECT,11.0
INPUT,8.0
INPUT,8.0
,4.5
,4.5
A,8.5
,4.5
A,8.5
,4.5
,4.5
A,10.0
A,10.0
A,10.0
A,10.0
A,10.0
,4.5
A,8.5
,4.5
A,8.5
A,8.5
A,8.5
,4.5
A,8.5
A,8.5
A,8.5
A,8.5
A,8.5
A,8.5
A,8.5
A,8.5
A,8.5
,4.5
A,8.5
A,8.5
A,8.5
A,8.5
A,8.5
A,8.5
A,8.5
A,8.5
A,8.5
A,9.5
A,8.5
SELECT,11.0
INPUT,8.0
INPUT,9.5
,4.5
,4.5
A,8.5
,4.5
A,8.5
,4.5
,4.5
A,8.5
A,10.0
A,10.0
A,10.0
A,10.0
,4.5
A,8.5
,4.5
A,8.5
A,8.5
,4.5
,4.5
A,8.5
A,8.5
A,8.5
A,8.5
A,8.5
A,8.5
A,8.5
A,8.5
A,8.5
,4.5
A,8.5
A,8.5
A,8.5
A,8.5
A,8.5
A,8.5
A,8.5
A,8.5
A,8.5
A,9.5
A,8.5
SELECT,11.0
INPUT,8.0
INPUT,9.5
,4.5
,4.5
A,8.5
,4.5
A,8.5
,4.5
,4.5
A,8.5
A,10.0
A,10.0
A,10.0
A,10.0
,4.5
A,8.5
,4.5
A,8.5
A,8.5
,4.5
,4.5
A,8.5
A,8.5
A,8.5
A,8.5
A,8.5
A,8.5
A,8.5
A,8.5
A,8.5
,4.5
A,8.5
A,8.5
A,8.5
A,8.5
A,8.5
A,8.5
A,8.5
A,8.5
A,8.5
A,9.5
A,8.5
SELECT,11.0
INPUT,8.0
INPUT,9.5
,4.5
,4.5
A,8.5
,4.5
A,8.5
,4.5
,4.5
A,8.5
A,10.0
A,10.0
A,10.0
A,10.0
,4.5
A,8.5
,4.5
A,8.5
A,8.5
,4.5
,4.5
A,8.5
A,8.5
A,8.5
A,8.5
A,8.5
A,8.5
A,8.5
A,8.5
A,8.5
,4.5
A,8.5
A,8.5
A,8.5
A,8.5
A,8.5
A,8.5
A,8.5
A,8.5
A,8.5
A,9.5
A,8.5
SELECT,11.0
INPUT,8.0
INPUT,9.5
,4.5
,4.5
A,8.5
,4.5
,4.5
,4.5
,4.5
A,8.5
A,10.0
A,10.0
A,10.0
A,10.0
,4.5
A,8.5
,4.5
A,8.5
A,8.5
,4.5
,4.5
A,8.5
A,8.5
A,8.5
A,8.5
A,8.5
A,8.5
A,8.5
A,8.5
A,8.5
,4.5
A,8.5
A,8.5
A,8.5
A,8.5
A,8.5
A,8.5
A,8.5
A,8.5
A,8.5
A,9.5
A,8.5
SELECT,11.0
INPUT,8.0
INPUT,9.5
,4.5
,4.5
A,8.5
,4.5
,4.5
,4.5
,4.5
A,8.5
A,10.0
A,10.0
A,10.0
A,10.0
,4.5
A,8.5
,4.5
A,8.5
A,8.5
,4.5
,4.5
A,8.5
A,8.5
A,8.5
A,8.5
A,8.5
A,8.5
A,8.5
A,8.5
A,8.5
,4.5
A,8.5
A,8.5
A,8.5
A,8.5
A,8.5
A,8.5
A,8.5
A,8.5
A,8.5
A,9.5
A,8.5
SELECT,11.0
INPUT,8.0
INPUT,9.5
,4.5
,4.5
A,8.5
,4.5
,4.5
,4.5
,4.5
A,8.5
A,10.0
A,10.0
A,10.0
A,10.0
,4.5
A,8.5
,4.5
A,8.5
A,8.5
,4.5
,4.5
A,8.5
A,8.5
,4.5
A,8.5
A,8.5
A,8.5
A,8.5
A,8.5
A,8.5
,4.5
A,8.5
A,8.5
A,8.5
A,8.5
A,8.5
A,8.5
A,8.5
A,8.5
A,8.5
A,9.5
A,8.5
SELECT,11.0
INPUT,8.0
INPUT,9.5
,4.5
,4.5
A,8.5
,4.5
,4.5
,4.5
,4.5
A,10.0
A,10.0
A,10.0
A,10.0
A,10.0
,4.5
A,8.5
,4.5
A,8.5
A,8.5
,4.5
,4.5
A,8.5
A,8.5
,4.5
A,8.5
A,8.5
A,8.5
A,8.5
A,8.5
A,8.5
,4.5
A,8.5
A,8.5
A,8.5
A,8.5
A,8.5
A,8.5
A,8.5
A,8.5
,4.5
A,9.5
A,8.5
SELECT,11.0
INPUT,9.5
INPUT,9.5
,4.5
,4.5
A,8.5
,4.5
,4.5
,4.5
,4.5
A,10.0
A,10.0
A,10.0
A,10.0
A,10.0
,4.5
A,8.5
,4.5
A,8.5
A,8.5
,4.5
,4.5
,4.5
A,8.5
,4.5
A,8.5
A,8.5
A,8.5
A,8.5
,4.5
A,8.5
,4.5
A,8.5
A,8.5
A,8.5
A,8.5
A,8.5
A,8.5
A,8.5
A,8.5
,4.5
A,9.5
A,8.5
SELECT,11.0
INPUT,9.5
INPUT,9.5
,4.5
,4.5
A,8.5
,4.5
,4.5
,4.5
,4.5
A,10.0
A,10.0
A,10.0
A,10.0
A,10.0
,4.5
A,8.5
,4.5
A,8.5
,4.5
,4.5
,4.5
,4.5
A,8.5
,4.5
A,8.5
A,8.5
A,8.5
A,8.5
,4.5
A,8.5
,4.5
A,8.5
A,8.5
A,8.5
A,8.5
A,8.5
A,8.5
A,10.0
A,10.0
,4.5
A,10.0
A,10.0
BUTTON,9.0
BUTTON,9.0
A,10.0
A,10.0
A,10.0
A,8.5
A,10.0
A,10.0
A,10.0
A,10.0
A,10.0
A,8.5
A,8.5
A,8.5
A,8.5
A,10.0
A,8.5
A,8.5
A,8.5
A,8.5
A,8.5
A,8.5
A,8.5
A,8.5
A,8.5
A,8.5
A,8.5
A,8.5
A,8.5
A,8.5
A,8.5
A,8.5
A,8.5
A,8.5
A,8.5
A,8.5
A,8.5
A,8.5
A,8.5
A,10.0
A,10.0
BUTTON,9.0
BUTTON,9.0
A,10.0
A,10.0
A,10.0
A,8.5
A,10.0
A,10.0
A,10.0
A,10.0
A,10.0
A,8.5
A,8.5
A,8.5
A,8.5
A,10.0
A,8.5
A,8.5
A,8.5
A,8.5
A,8.5
A,8.5
A,8.5
A,8.5
A,8.5
A,8.5
A,8.5
A,8.5
A,8.5
A,8.5
A,8.5
A,8.5
A,8.5
A,8.5
A,8.5
A,8.5
A,8.5
A,8.5
A,8.5
A,10.0
A,10.0
BUTTON,9.0
BUTTON,9.0
A,10.0
A,10.0
A,10.0
A,8.5
A,10.0
A,10.0
A,10.0
A,10.0
A,10.0
A,8.5
A,8.5
A,8.5
A,8.5
A,10.0
A,8.5
A,8.5
A,8.5
A,8.5
A,8.5
A,8.5
A,8.5
A,8.5
A,8.5
A,8.5
A,8.5
A,8.5
A,8.5
A,8.5
A,8.5
A,8.5
A,8.5
A,8.5
A,8.5
A,8.5
A,8.5
A,8.5
A,8.5
A,10.0
A,10.0
BUTTON,9.0
BUTTON,9.0
A,10.0
A,10.0
A,10.0
A,8.5
A,10.0
A,10.0
A,10.0
A,10.0
A,10.0
A,8.5
A,8.5
A,8.5
A,8.5
A,10.0
A,8.5
A,8.5
A,8.5
A,8.5
A,8.5
A,8.5
A,8.5
A,8.5
A,8.5
A,8.5
A,8.5
A,8.5
A,8.5
A,8.5
A,8.5
A,8.5
A,8.5
A,8.5
A,8.5
A,8.5
A,8.5
A,8.5
A,8.5
A,10.0
A,10.0
BUTTON,9.0
BUTTON,9.0
A,10.0
A,10.0
A,10.0
A,10.0
A,10.0
A,10.0
A,10.0
A,10.0
A,10.0
A,8.5
A,8.5
A,8.5
A,8.5
A,8.5
A,8.5
A,8.5
A,8.5
A,8.5
A,8.5
A,8.5
A,8.5
A,8.5
A,8.5
A,8.5
A,8.5
A,8.5
A,8.5
A,8.5
A,8.5
A,8.5
A,8.5
A,8.5
A,8.5
A,8.5
A,8.5
A,8.5
A,8.5
A,10.0
A,10.0
BUTTON,9.0
BUTTON,9.0
A,10.0
A,10.0
A,10.0
A,10.0
A,10.0
A,10.0
A,10.0
A,10.0
A,10.0
A,8.5
A,8.5
A,8.5
A,8.5
A,8.5
A,8.5
A,8.5
A,8.5
A,8.5
A,8.5
A,8.5
A,8.5
A,8.5
A,8.5
A,8.5
A,8.5
A,8.5
A,8.5
A,8.5
A,8.5
A,8.5
A,8.5
A,8.5
A,8.5
A,8.5
A,8.5
A,8.5
A,8.5
A,10.0
A,10.0
BUTTON,9.0
BUTTON,9.0
A,10.0
A,10.0
A,10.0
A,10.0
A,10.0
A,10.0
A,10.0
A,10.0
A,10.0
A,8.5
A,8.5
A,8.5
A,8.5
A,8.5
A,8.5
A,8.5
A,8.5
A,8.5
A,8.5
A,8.5
A,8.5
A,8.5
A,8.5
A,8.5
A,8.5
A,8.5
A,8.5
A,8.5
A,8.5
A,8.5
A,8.5
A,8.5
A,8.5
A,8.5
A,8.5
A,8.5
A,8.5
A,10.0
A,10.0
BUTTON,9.0
BUTTON,9.0
A,10.0
A,10.0
A,10.0
A,10.0
A,10.0
A,10.0
A,10.0
A,10.0
A,10.0
A,8.5
A,8.5
A,8.5
A,8.5
A,8.5
A,8.5
A,8.5
A,8.5
A,8.5
A,8.5
A,8.5
A,8.5
A,8.5
A,8.5
A,8.5
A,8.5
A,8.5
A,8.5
A,8.5
A,8.5
A,8.5
A,8.5
A,8.5
A,8.5
A,8.5
A,8.5
A,8.5
A,8.5
A,10.0
A,10.0
BUTTON,9.0
BUTTON,9.0
A,10.0
A,10.0
A,10.0
A,10.0
A,10.0
A,10.0
A,10.0
A,10.0
A,10.0
A,8.5
A,8.5
A,8.5
A,8.5
A,8.5
A,8.5
A,8.5
A,8.5
A,8.5
A,8.5
A,8.5
A,8.5
A,8.5
A,8.5
A,8.5
A,8.5
A,8.5
A,8.5
A,8.5
A,8.5
A,8.5
A,8.5
A,8.5
A,8.5
A,8.5
A,8.5
A,8.5
A,8.5
A,10.0
A,10.0
BUTTON,9.0
BUTTON,9.0
A,10.0
A,10.0
A,10.0
A,10.0
A,10.0
A,10.0
A,10.0
A,10.0
A,10.0
A,8.5
A,8.5
A,8.5
A,8.5
A,8.5
A,8.5
A,8.5
A,8.5
A,8.5
A,8.5
A,8.5
A,8.5
A,8.5
A,8.5
A,8.5
A,8.5
A,8.5
A,8.5
A,8.5
A,8.5
A,8.5
A,8.5
A,8.5
A,8.5
A,8.5
A,8.5
A,8.5
A,8.5
A,10.0
A,10.0
BUTTON,9.0
BUTTON,9.0
A,10.0
A,10.0
A,10.0
A,10.0
A,10.0
A,10.0
A,10.0
A,10.0
A,10.0
A,8.5
A,8.5
A,8.5
A,8.5
A,8.5
A,8.5
A,8.5
A,8.5
A,8.5
A,8.5
,4.5
,4.5
,4.5
A,8.5
,4.5
A,8.5
,4.5
A,8.5
A,8.5
A,8.5
A,8.5
A,8.5
A,8.5
A,8.5
A,8.5
A,8.5
A,8.5
A,8.5
A,10.0
A,10.0
BUTTON,9.0
BUTTON,9.0
A,10.0
A,10.0
A,10.0
A,10.0
A,10.0
A,10.0
,4.5
,4.5
,4.5
A,8.5
A,8.5
A,8.5
A,8.5
A,8.5
A,8.5
A,8.5
A,8.5
A,8.5
A,8.5
,4.5
,4.5
,4.5
A,8.5
,4.5
A,8.5
,4.5
A,8.5
A,8.5
A,8.5
A,8.5
A,8.5
A,8.5
A,8.5
A,8.5
A,8.5
A,8.5
A,8.5
A,10.0
A,10.0
BUTTON,9.0
BUTTON,9.0
A,10.0
A,10.0
A,10.0
A,10.0
A,10.0
A,10.0
,4.5
,4.5
,4.5
A,8.5
A,8.5
A,8.5
A,8.5
A,8.5
A,8.5
A,8.5
A,8.5
A,8.5
A,8.5
,4.5
,4.5
,4.5
A,8.5
,4.5
A,8.5
,4.5
A,8.5
A,8.5
A,8.5
A,8.5
A,8.5
A,8.5
A,8.5
A,8.5
A,8.5
A,8.5
A,8.5
A,10.0
A,10.0
BUTTON,9.0
BUTTON,9.0
A,10.0
A,10.0
A,10.0
A,10.0
A,10.0
A,10.0
,4.5
,4.5
,4.5
A,8.5
A,8.5
A,8.5
A,8.5
A,8.5
A,8.5
A,8.5
A,8.5
A,8.5
A,8.5
,4.5
,4.5
,4.5
A,8.5
,4.5
A,8.5
,4.5
A,8.5
A,8.5
A,8.5
A,8.5
A,8.5
A,8.5
A,8.5
A,8.5
A,8.5
A,8.5
A,8.5
A,10.0
A,10.0
BUTTON,9.0
BUTTON,9.0
A,10.0
A,10.0
A,10.0
A,10.0
A,10.0
A,10.0
,4.5
,4.5
,4.5
A,8.5
A,8.5
A,8.5
A,8.5
A,8.5
A,8.5
A,8.5
A,8.5
A,8.5
A,8.5
,4.5
,4.5
,4.5
A,8.5
,4.5
A,8.5
,4.5
A,8.5
A,8.5
A,8.5
A,8.5
A,8.5
A,8.5
A,8.5
A,8.5
A,8.5
A,8.5
A,8.5
DIV,6.5
A,8.0
A,8.0
A,8.0
INPUT,11.0
INPUT,11.0
BUTTON,9.5
A,10.0
SELECT,9.5
SELECT,9.5
SELECT,9.5
INPUT,11.0
INPUT,11.0
,4.5
DIV,9.5
DIV,9.5
A,8.0
A,8.0
BUTTON,11.0
A,5.5
A,5.5
A,5.5
A,5.5
A,5.5
A,8.5
A,8.5
A,8.5
A,8.5
A,8.5
A,8.5
A,8.5
BUTTON,8.0
DIV,6.5
A,8.0
A,8.0
A,8.0
INPUT,11.0
INPUT,11.0
BUTTON,9.5
A,10.0
SELECT,9.5
SELECT,9.5
SELECT,9.5
INPUT,11.0
INPUT,11.0
,4.5
DIV,9.5
DIV,9.5
A,8.0
A,8.0
BUTTON,11.0
A,5.5
A,5.5
A,5.5
A,5.5
A,5.5
A,8.5
A,8.5
A,8.5
A,8.5
A,8.5
A,8.5
A,8.5
BUTTON,8.0
DIV,6.5
A,8.0
A,8.0
A,8.0
INPUT,11.0
INPUT,11.0
BUTTON,9.5
A,10.0
SELECT,9.5
SELECT,9.5
SELECT,9.5
INPUT,11.0
INPUT,11.0
,4.5
DIV,9.5
DIV,9.5
A,8.0
A,8.0
BUTTON,11.0
A,5.5
A,5.5
A,5.5
A,5.5
A,5.5
A,8.5
A,8.5
A,8.5
A,8.5
A,8.5
A,8.5
A,8.5
BUTTON,8.0
,4.5
,4.5
,4.5
,4.5
,4.5
,4.5
,4.5
,4.5
SELECT,9.5
SELECT,9.5
SELECT,9.5
INPUT,11.0
INPUT,11.0
,4.5
DIV,9.5
DIV,9.5
A,8.0
A,8.0
BUTTON,11.0
A,7.0
A,7.0
A,7.0
A,7.0
A,7.0
A,8.5
A,8.5
A,8.5
A,8.5
A,8.5
A,8.5
A,8.5
BUTTON,9.5
,4.5
,4.5
,4.5
,4.5
,4.5
,4.5
,4.5
,4.5
SELECT,9.5
SELECT,9.5
SELECT,9.5
INPUT,11.0
INPUT,11.0
,4.5
DIV,9.5
DIV,9.5
A,8.0
A,8.0
BUTTON,11.0
A,7.0
A,7.0
A,7.0
A,7.0
A,7.0
A,8.5
A,8.5
A,8.5
A,8.5
A,8.5
A,8.5
A,8.5
BUTTON,9.5
,4.5
,4.5
,4.5
,4.5
,4.5
,4.5
,4.5
,4.5
SELECT,9.5
SELECT,9.5
SELECT,9.5
INPUT,11.0
INPUT,11.0
,4.5
DIV,9.5
DIV,9.5
A,8.0
A,8.0
BUTTON,11.0
A,7.0
A,7.0
A,7.0
A,7.0
A,7.0
A,8.5
A,8.5
A,8.5
A,8.5
A,8.5
A,8.5
A,8.5
BUTTON,9.5
,4.5
,4.5
,4.5
,4.5
,4.5
,4.5
,4.5
,4.5
SELECT,9.5
SELECT,9.5
SELECT,9.5
INPUT,11.0
INPUT,11.0
,4.5
DIV,9.5
DIV,9.5
A,8.0
A,8.0
BUTTON,11.0
A,7.0
A,7.0
A,7.0
A,7.0
A,7.0
A,8.5
A,8.5
A,8.5
A,8.5
A,8.5
A,8.5
A,8.5
BUTTON,9.5
,4.5
,4.5
,4.5
,4.5
,4.5
,4.5
,4.5
,4.5
SELECT,9.5
SELECT,9.5
SELECT,9.5
INPUT,11.0
INPUT,11.0
,4.5
DIV,9.5
DIV,9.5
A,8.0
A,8.0
BUTTON,11.0
A,7.0
A,7.0
A,7.0
A,7.0
A,7.0
A,8.5
A,8.5
A,8.5
A,8.5
A,8.5
A,8.5
A,8.5
BUTTON,9.5
,4.5
,4.5
,4.5
,4.5
,4.5
,4.5
,4.5
,4.5
SELECT,9.5
SELECT,9.5
SELECT,9.5
INPUT,11.0
INPUT,11.0
,4.5
DIV,9.5
DIV,9.5
A,8.0
A,8.0
BUTTON,11.0
A,7.0
A,7.0
A,7.0
A,7.0
A,7.0
A,8.5
A,8.5
A,8.5
A,8.5
A,8.5
A,8.5
A,8.5
BUTTON,9.5
,4.5
,4.5
,4.5
,4.5
,4.5
,4.5
,4.5
,4.5
SELECT,9.5
SELECT,9.5
SELECT,9.5
INPUT,11.0
INPUT,11.0
,4.5
BUTTON,9.5
BUTTON,9.5
A,8.0
A,8.0
BUTTON,11.0
A,7.0
A,7.0
A,7.0
A,7.0
A,7.0
A,8.5
A,8.5
A,8.5
A,8.5
A,8.5
A,8.5
A,8.5
BUTTON,9.5
,4.5
,4.5
,4.5
,4.5
,4.5
,4.5
,4.5
,4.5
SELECT,9.5
SELECT,9.5
SELECT,9.5
INPUT,11.0
INPUT,11.0
,4.5
BUTTON,9.5
BUTTON,9.5
A,8.0
A,8.0
BUTTON,11.0
A,7.0
A,7.0
A,7.0
A,7.0
A,7.0
A,8.5
A,8.5
A,8.5
A,8.5
A,8.5
A,8.5
A,8.5
BUTTON,9.5
,4.5
,4.5
,4.5
,4.5
,4.5
,4.5
,4.5
,4.5
SELECT,9.5
SELECT,9.5
SELECT,9.5
INPUT,11.0
INPUT,11.0
,4.5
BUTTON,8.0
BUTTON,8.0
A,8.0
A,8.0
BUTTON,11.0
A,7.0
A,7.0
A,7.0
A,7.0
A,7.0
A,8.5
A,8.5
A,8.5
A,8.5
A,8.5
A,8.5
A,8.5
BUTTON,9.5
,4.5
,4.5
,4.5
,4.5
,4.5
,4.5
,4.5
,4.5
SELECT,9.5
SELECT,9.5
SELECT,9.5
INPUT,11.0
INPUT,11.0
,4.5
BUTTON,8.0
BUTTON,8.0
A,8.0
A,8.0
BUTTON,11.0
A,7.0
A,7.0
A,7.0
A,7.0
A,7.0
A,8.5
A,8.5
A,8.5
A,8.5
A,8.5
A,8.5
A,8.5
BUTTON,9.5
,4.5
,4.5
,4.5
,4.5
,4.5
,4.5
,4.5
,4.5
SELECT,9.5
SELECT,9.5
SELECT,9.5
INPUT,11.0
INPUT,11.0
,4.5
BUTTON,8.0
BUTTON,8.0
A,8.0
A,8.0
BUTTON,11.0
A,7.0
A,7.0
A,7.0
A,7.0
A,7.0
A,8.5
A,8.5
A,8.5
A,8.5
A,8.5
A,8.5
A,8.5
BUTTON,9.5
,4.5
,4.5
,4.5
,4.5
,4.5
,4.5
,4.5
,4.5
SELECT,9.5
SELECT,9.5
SELECT,9.5
INPUT,11.0
INPUT,11.0
,4.5
BUTTON,8.0
BUTTON,8.0
A,8.0
A,8.0
BUTTON,11.0
A,7.0
A,7.0
A,7.0
A,7.0
A,7.0
A,8.5
A,8.5
A,8.5
A,8.5
A,8.5
A,8.5
A,8.5
BUTTON,9.5
,4.5
A,8.0
INPUT,8.0
,4.5
,4.5
,4.5
,4.5
,4.5
,4.5
A,8.0
,4.5
A,8.0
,4.5
,4.5
,4.5
,4.5
,4.5
DIV,6.5
A,8.0
A,8.0
A,8.0
A,8.0
A,8.0
A,8.0
A,8.0
A,8.0
A,8.0
A,8.0
A,8.0
A,8.0
A,8.0
A,8.0
A,8.0
A,8.0
,4.5
A,8.0
INPUT,8.0
,4.5
,4.5
,4.5
,4.5
,4.5
,4.5
A,8.0
,4.5
A,8.0
,4.5
,4.5
,4.5
,4.5
,4.5
DIV,6.5
A,8.0
A,8.0
A,8.0
A,8.0
A,8.0
A,8.0
A,8.0
A,8.0
A,8.0
A,8.0
A,8.0
A,8.0
A,8.0
A,8.0
A,8.0
A,8.0
,4.5
A,6.5
INPUT,8.0
,4.5
,4.5
,4.5
,4.5
,4.5
,4.5
,4.5
,4.5
LI,8.0
,4.5
,4.5
,4.5
,4.5
,4.5
A,7.0
A,8.5
A,8.5
A,8.5
A,8.5
A,8.5
A,8.5
A,8.5
A,8.5
A,8.5
A,8.5
A,8.5
A,8.5
A,8.0
A,8.0
,4.5
A,8.0
,4.5
A,6.5
INPUT,8.0
,4.5
,4.5
,4.5
,4.5
,4.5
,4.5
,4.5
,4.5
LI,8.0
,4.5
,4.5
,4.5
,4.5
,4.5
A,7.0
A,8.5
A,8.5
A,8.5
A,8.5
A,8.5
A,8.5
A,8.5
A,8.5
A,8.5
A,8.5
A,8.5
A,8.5
A,8.0
A,8.0
,4.5
A,8.0
,4.5
A,6.5
INPUT,8.0
,4.5
,4.5
,4.5
,4.5
,4.5
,4.5
,4.5
,4.5
LI,8.0
,4.5
,4.5
,4.5
,4.5
,4.5
A,7.0
A,8.5
A,8.5
A,8.5
A,8.5
A,8.5
A,8.5
A,8.5
A,8.5
A,8.5
A,8.5
A,8.5
A,8.5
A,8.0
A,8.0
,4.5
A,8.0
,4.5
A,6.5
INPUT,8.0
,4.5
,4.5
,4.5
,4.5
,4.5
,4.5
,4.5
,4.5
LI,8.0
,4.5
,4.5
,4.5
,4.5
,4.5
A,7.0
A,8.5
A,8.5
A,8.5
A,8.5
A,8.5
A,8.5
,4.5
,4.5
A,8.5
A,8.5
A,8.5
A,8.5
A,8.0
A,8.0
,4.5
A,8.0
,4.5
A,6.5
INPUT,8.0
,4.5
,4.5
,4.5
,4.5
,4.5
,4.5
,4.5
,4.5
LI,8.0
,4.5
,4.5
,4.5
,4.5
,4.5
A,7.0
A,8.5
A,8.5
A,8.5
A,8.5
A,8.5
A,8.5
,4.5
,4.5
A,8.5
A,8.5
A,8.5
A,8.5
A,8.0
A,8.0
,4.5
A,8.0
,4.5
A,6.5
INPUT,8.0
,4.5
,4.5
,4.5
,4.5
,4.5
,4.5
,4.5
,4.5
LI,8.0
,4.5
,4.5
,4.5
,4.5
,4.5
A,7.0
A,8.5
A,8.5
A,8.5
A,8.5
A,8.5
A,8.5
,4.5
,4.5
A,8.5
A,8.5
A,8.5
A,8.5
A,8.0
A,8.0
,4.5
A,8.0
,4.5
A,7.0
INPUT,8.0
,4.5
,4.5
,4.5
,4.5
,4.5
,4.5
,4.5
,4.5
,4.5
,4.5
,4.5
,4.5
,4.5
,4.5
A,7.0
A,8.5
A,8.5
A,8.5
A,8.5
A,8.5
A,8.5
,4.5
,4.5
A,8.5
A,8.5
A,8.5
A,8.5
A,8.0
A,8.0
,4.5
A,8.0
,4.5
A,7.0
INPUT,9.5
,4.5
,4.5
,4.5
,4.5
,4.5
,4.5
,4.5
,4.5
,4.5
,4.5
,4.5
,4.5
,4.5
,4.5
A,7.0
A,8.5
A,8.5
A,8.5
A,8.5
A,8.5
A,8.5
,4.5
,4.5
A,8.5
A,8.5
A,8.5
A,8.5
A,8.0
A,8.0
,4.5
A,8.0
,4.5
A,7.0
INPUT,9.5
,4.5
,4.5
,4.5
,4.5
,4.5
,4.5
,4.5
,4.5
,4.5
,4.5
,4.5
,4.5
,4.5
,4.5
A,7.0
A,8.5
A,8.5
A,8.5
A,8.5
A,8.5
A,8.5
,4.5
,4.5
A,8.5
A,8.5
A,8.5
A,8.5
A,8.0
A,8.0
,4.5
A,8.0
,4.5
A,7.0
INPUT,9.5
,4.5
,4.5
,4.5
,4.5
,4.5
,4.5
,4.5
,4.5
,4.5
,4.5
,4.5
,4.5
,4.5
,4.5
A,7.0
A,8.5
A,8.5
A,8.5
A,8.5
A,8.5
A,8.5
,4.5
,4.5
A,8.5
A,8.5
A,8.5
A,8.5
A,8.0
A,8.0
,4.5
A,8.0
,4.5
A,5.5
INPUT,9.5
,4.5
,4.5
,4.5
,4.5
,4.5
,4.5
,4.5
,4.5
,4.5
,4.5
,4.5
,4.5
,4.5
,4.5
A,7.0
A,8.5
A,8.5
A,8.5
A,8.5
A,8.5
A,8.5
,4.5
,4.5
A,8.5
A,8.5
A,8.5
A,8.5
A,8.0
A,8.0
,4.5
A,8.0
,4.5
A,7.0
INPUT,9.5
,4.5
,4.5
,4.5
,4.5
,4.5
,4.5
,4.5
,4.5
,4.5
,4.5
,4.5
,4.5
,4.5
,4.5
A,7.0
A,8.5
A,8.5
A,8.5
A,8.5
A,8.5
A,8.5
,4.5
,4.5
A,8.5
A,8.5
A,8.5
A,8.5
A,8.0
A,8.0
,4.5
A,8.0
,4.5
A,7.0
INPUT,9.5
,4.5
,4.5
,4.5
,4.5
,4.5
,4.5
,4.5
,4.5
,4.5
,4.5
,4.5
,4.5
,4.5
,4.5
A,7.0
A,8.5
A,8.5
A,8.5
A,8.5
A,8.5
A,8.5
,4.5
,4.5
A,8.5
A,8.5
A,8.5
A,8.5
A,8.0
A,8.0
,4.5
A,8.0
A,8.0
A,8.0
A,8.5
A,8.5
A,7.0
A,10.0
INPUT,8.0
DIV,6.5
INPUT,9.0
INPUT,10.5
A,8.5
A,8.5
A,8.5
A,8.5
A,10.0
A,8.0
A,8.0
A,8.5
A,8.5
A,7.0
A,10.0
INPUT,8.0
,4.5
INPUT,9.0
INPUT,10.5
A,8.5
A,8.5
A,8.5
A,8.5
A,10.0
A,8.0
A,8.0
A,8.5
A,8.5
A,7.0
A,10.0
INPUT,8.0
,4.5
INPUT,9.5
INPUT,10.5
A,8.5
A,8.5
A,8.5
A,8.5
A,10.0
A,8.0
A,8.0
A,8.5
A,8.5
A,7.0
A,10.0
INPUT,8.0
,4.5
INPUT,9.5
INPUT,10.5
A,8.5
A,8.5
A,8.5
A,8.5
A,10.0
A,8.0
A,8.0
A,8.5
A,8.5
A,7.0
A,10.0
INPUT,8.0
,4.5
INPUT,9.5
INPUT,10.5
A,8.5
A,8.5
A,8.5
A,8.5
A,10.0
A,8.0
A,8.0
A,8.5
A,8.5
A,7.0
A,10.0
INPUT,8.0
,4.5
INPUT,9.5
INPUT,10.5
A,8.5
A,8.5
A,8.5
A,8.5
A,10.0
A,8.0
A,8.0
A,8.5
A,8.5
A,7.0
A,10.0
INPUT,8.0
,4.5
INPUT,9.5
INPUT,10.5
A,8.5
A,8.5
A,8.5
A,8.5
A,10.0
A,8.5
A,8.5
A,8.5
A,8.5
A,7.0
A,8.5
INPUT,8.0
,4.5
INPUT,9.5
INPUT,10.5
A,8.5
A,8.5
A,8.5
A,8.5
BUTTON,9.5
A,8.5
A,8.5
A,8.5
A,8.5
A,7.0
A,8.5
INPUT,8.0
,4.5
INPUT,9.5
INPUT,10.5
A,8.5
A,8.5
A,8.5
A,8.5
BUTTON,9.5
A,8.5
A,8.5
A,8.5
A,8.5
A,7.0
A,8.5
INPUT,8.0
,4.5
INPUT,9.5
INPUT,10.5
A,8.5
A,8.5
A,8.5
A,8.5
BUTTON,9.5
A,8.5
A,8.5
A,8.5
A,8.5
A,7.0
A,8.5
INPUT,8.0
,4.5
INPUT,9.5
INPUT,10.5
A,8.5
A,8.5
A,8.5
A,8.5
DIV,8.0
A,8.5
A,8.5
A,8.5
A,8.5
A,7.0
A,8.5
INPUT,8.0
,4.5
INPUT,9.5
INPUT,10.5
A,8.5
A,8.5
A,8.5
A,8.5
DIV,8.0
A,8.5
A,8.5
A,8.5
A,8.5
A,7.0
A,8.5
INPUT,8.0
,4.5
INPUT,9.5
INPUT,10.5
A,8.5
A,8.5
A,8.5
A,8.5
DIV,8.0
A,8.5
A,8.5
A,8.5
A,8.5
A,7.0
A,8.5
TEXTAREA,9.5
,4.5
INPUT,9.5
INPUT,10.5
A,8.5
A,8.5
A,8.5
A,8.5
DIV,8.0
A,8.5
A,8.5
A,8.5
A,8.5
A,7.0
A,8.5
TEXTAREA,9.5
,4.5
INPUT,9.5
INPUT,10.5
A,8.5
A,8.5
A,8.5
A,8.5
DIV,8.0
A,6.5
INPUT,11.0
BUTTON,6.5
A,8.5
A,8.0
A,8.0
A,8.0
A,8.0
A,8.0
A,9.5
A,9.5
A,9.5
A,9.5
A,10.0
A,9.5
A,9.5
A,9.5
A,8.5
A,8.0
A,8.0
A,8.0
,4.5
A,8.0
A,8.0
A,8.0
INPUT,10.5
INPUT,8.0
A,8.5
A,8.0
A,8.0
A,8.0
A,8.0
A,8.0
A,8.0
A,8.0
A,8.0
A,8.0
A,8.0
A,8.0
A,8.0
A,8.0
A,8.0
A,8.0
A,7.0
A,7.0
A,7.0
A,6.5
INPUT,9.5
BUTTON,6.5
A,8.5
A,8.0
A,8.0
A,8.0
A,8.0
A,8.0
A,9.5
A,9.5
A,9.5
A,9.5
A,10.0
A,9.5
A,9.5
A,9.5
A,8.5
A,8.0
A,8.0
,4.5
,4.5
A,8.0
A,8.0
A,8.0
INPUT,10.5
INPUT,8.0
A,8.5
A,8.0
A,8.0
A,8.0
A,8.0
A,8.0
A,8.0
A,8.0
A,8.0
A,8.0
A,8.0
A,8.0
A,8.0
A,8.0
A,8.0
A,8.0
A,7.0
A,7.0
A,7.0
A,7.0
INPUT,9.5
BUTTON,6.5
A,8.5
,4.5
A,8.5
A,8.5
A,8.5
,4.5
BUTTON,8.0
BUTTON,8.0
BUTTON,8.0
BUTTON,8.0
DIV,9.5
BUTTON,8.0
BUTTON,8.0
A,9.5
A,8.5
A,8.0
A,8.0
,4.5
,4.5
A,8.0
A,8.0
A,8.0
INPUT,11.0
BUTTON,9.5
A,8.5
A,8.5
A,8.0
A,8.0
A,8.5
A,8.0
A,8.0
A,8.5
A,8.0
A,8.0
A,8.5
A,8.0
A,8.0
A,8.5
A,8.5
A,8.5
A,6.5
A,6.5
A,6.5
A,7.0
INPUT,9.5
BUTTON,6.5
A,8.5
,4.5
A,8.5
A,8.5
A,8.5
,4.5
BUTTON,8.0
BUTTON,8.0
BUTTON,8.0
BUTTON,8.0
DIV,8.0
BUTTON,8.0
BUTTON,8.0
A,9.5
,4.5
A,8.0
A,8.0
,4.5
,4.5
A,7.99171270718232
A,7.98936170212766
A,8.0
INPUT,11.0
BUTTON,9.5
A,8.5
A,8.5
A,8.0
A,8.0
A,8.5
A,8.0
A,8.0
A,8.5
A,8.0
A,8.0
A,8.5
A,8.0
A,8.0
A,8.5
A,8.5
A,8.5
A,6.5
A,6.5
A,6.5
A,7.0
INPUT,9.5
,4.5
A,8.5
,4.5
A,8.5
A,8.5
A,8.5
,4.5
BUTTON,8.0
BUTTON,8.0
BUTTON,8.0
BUTTON,8.0
DIV,8.0
,4.5
BUTTON,8.0
A,9.5
,4.5
A,8.0
,4.5
,4.5
,4.5
A,8.0
,4.5
,4.5
INPUT,11.0
BUTTON,9.5
A,8.5
A,8.5
A,8.0
A,8.0
A,8.5
A,8.0
A,8.0
A,8.5
A,8.0
A,8.0
A,8.5
A,8.0
A,8.0
A,8.5
A,8.5
A,8.5
A,6.5
A,6.5
A,6.5
A,7.0
INPUT,9.5
,4.5
A,8.5
,4.5
A,8.5
A,8.5
A,8.5
,4.5
BUTTON,8.0
BUTTON,8.0
BUTTON,8.0
BUTTON,8.0
DIV,8.0
,4.5
BUTTON,8.0
,4.5
,4.5
A,8.0
,4.5
,4.5
,4.5
A,8.0
,4.5
,4.5
INPUT,11.0
BUTTON,9.5
A,8.5
A,8.5
A,8.0
A,8.0
A,8.5
A,8.0
A,8.0
A,8.5
A,8.0
A,8.0
A,8.5
A,8.0
A,8.0
A,8.5
A,8.5
A,8.5
A,6.5
A,6.5
A,6.5
A,7.0
INPUT,9.5
,4.5
A,8.5
,4.5
A,8.5
A,8.5
A,8.5
,4.5
BUTTON,8.0
BUTTON,8.0
BUTTON,8.0
BUTTON,8.0
DIV,8.0
,4.5
BUTTON,8.0
,4.5
,4.5
A,8.0
,4.5
,4.5
,4.5
A,7.9765625
,4.5
,4.5
INPUT,11.0
BUTTON,9.5
A,8.5
A,8.5
A,8.0
A,8.0
A,8.5
A,8.0
A,8.0
A,8.5
A,8.0
A,8.0
A,8.5
,4.5
A,8.0
A,8.5
A,8.5
A,8.5
A,6.5
A,6.5
A,6.5
A,7.0
INPUT,9.5
,4.5
A,8.5
,4.5
A,8.5
A,8.5
A,8.5
,4.5
BUTTON,8.0
BUTTON,8.0
BUTTON,8.0
BUTTON,8.0
DIV,8.0
,4.5
BUTTON,8.0
,4.5
,4.5
A,8.0
,4.5
,4.5
,4.5
A,8.0
,4.5
,4.5
INPUT,11.0
BUTTON,9.5
A,8.5
A,8.5
A,8.0
A,8.0
A,8.5
A,8.0
A,8.0
A,8.5
A,8.0
A,8.0
,4.5
,4.5
,4.5
A,8.5
A,8.5
A,8.5
A,6.5
A,6.5
A,6.5
A,6.5
INPUT,9.5
,4.5
A,8.5
,4.5
A,8.5
A,8.5
A,8.5
,4.5
,4.5
,4.5
,4.5
,4.5
DIV,8.0
,4.5
BUTTON,8.0
,4.5
,4.5
,4.5
,4.5
,4.5
,4.5
A,8.0
,4.5
,4.5
INPUT,11.0
BUTTON,9.5
A,8.5
A,8.5
A,8.0
A,8.0
A,8.5
A,8.0
A,8.0
A,8.5
A,8.0
A,8.0
,4.5
,4.5
,4.5
A,8.5
A,8.5
A,8.5
A,6.5
A,6.5
A,6.5
A,6.5
INPUT,9.5
,4.5
A,8.5
,4.5
A,8.5
A,8.5
A,8.5
,4.5
,4.5
,4.5
,4.5
,4.5
DIV,8.0
,4.5
BUTTON,8.0
,4.5
,4.5
,4.5
,4.5
,4.5
,4.5
A,8.0
,4.5
,4.5
INPUT,11.0
BUTTON,8.0
A,8.5
A,8.0
A,8.0
A,8.0
,4.5
,4.5
,4.5
,4.5
A,8.0
A,8.0
,4.5
,4.5
,4.5
A,8.0
A,8.5
A,8.0
A,7.0
A,7.0
A,7.0
A,6.5
INPUT,9.5
,4.5
A,8.5
,4.5
A,8.5
A,8.5
A,8.5
,4.5
,4.5
,4.5
,4.5
,4.5
DIV,8.0
,4.5
BUTTON,8.0
,4.5
,4.5
,4.5
,4.5
,4.5
,4.5
A,8.0
,4.5
,4.5
INPUT,11.0
BUTTON,8.0
A,8.5
A,8.0
A,8.0
A,8.0
,4.5
,4.5
,4.5
,4.5
A,8.0
A,8.0
,4.5
,4.5
,4.5
A,8.0
A,8.5
A,8.0
A,7.0
A,7.0
A,7.0
A,6.5
INPUT,9.5
,4.5
A,8.5
,4.5
A,8.5
A,8.5
A,8.5
,4.5
,4.5
,4.5
,4.5
,4.5
DIV,8.0
,4.5
BUTTON,8.0
,4.5
,4.5
,4.5
,4.5
,4.5
,4.5
A,8.0
,4.5
,4.5
INPUT,11.0
BUTTON,8.0
A,8.5
A,8.0
A,8.0
A,8.0
,4.5
,4.5
,4.5
,4.5
A,8.0
A,8.0
,4.5
,4.5
,4.5
A,8.0
A,8.5
A,8.0
A,7.0
A,7.0
A,7.0
A,6.5
INPUT,9.5
,4.5
A,8.5
,4.5
A,8.5
A,8.5
A,8.5
,4.5
,4.5
,4.5
,4.5
,4.5
DIV,8.0
,4.5
BUTTON,8.0
,4.5
,4.5
,4.5
,4.5
,4.5
,4.5
,4.5
,4.5
,4.5
INPUT,11.0
BUTTON,8.0
A,8.5
A,8.0
A,8.0
A,8.0
,4.5
,4.5
,4.5
,4.5
A,8.0
A,8.0
,4.5
,4.5
,4.5
A,8.0
A,8.5
A,8.0
A,7.0
A,7.0
A,7.0
A,6.5
INPUT,9.5
,4.5
A,8.5
,4.5
A,8.5
A,8.5
A,8.5
,4.5
,4.5
,4.5
,4.5
,4.5
DIV,8.0
,4.5
BUTTON,8.0
,4.5
,4.5
,4.5
,4.5
,4.5
,4.5
,4.5
,4.5
,4.5
INPUT,11.0
BUTTON,8.0
A,8.5
A,8.0
A,8.0
A,8.0
,4.5
,4.5
,4.5
,4.5
A,8.0
A,8.0
,4.5
,4.5
,4.5
A,8.0
A,8.5
A,8.0
A,6.5
A,6.5
A,6.5
A,6.5
INPUT,9.5
,4.5
A,8.5
,4.5
A,8.5
A,8.5
A,8.5
,4.5
,4.5
,4.5
,4.5
,4.5
,4.5
,4.5
BUTTON,8.0
,4.5
,4.5
,4.5
,4.5
,4.5
,4.5
,4.5
,4.5
,4.5
INPUT,11.0
BUTTON,8.0
A,8.5
,4.5
A,8.0
A,8.0
,4.5
,4.5
,4.5
,4.5
A,8.0
A,8.0
,4.5
,4.5
,4.5
A,8.0
A,8.5
A,8.0
A,6.5
A,6.5
A,6.5
A,9.5
A,9.5
A,9.5
A,9.5
A,8.0
A,8.0
A,8.0
A,10.0
A,10.0
INPUT,9.5
A,9.5
A,9.5
A,9.5
A,9.5
A,8.0
A,8.0
A,8.0
A,10.0
A,10.0
INPUT,9.5
A,9.5
A,9.5
A,9.5
A,9.5
A,8.0
A,8.0
A,8.0
A,10.0
A,10.0
INPUT,9.5
A,8.5
,4.5
,4.5
,4.5
,4.5
,4.5
,4.5
A,10.0
A,10.0
INPUT,8.0
A,8.5
,4.5
,4.5
,4.5
,4.5
,4.5
,4.5
A,10.0
A,10.0
INPUT,8.0
A,8.0
,4.5
,4.5
,4.5
,4.5
,4.5
,4.5
,4.5
,4.5
INPUT,8.0
A,8.0
,4.5
,4.5
,4.5
,4.5
,4.5
,4.5
,4.5
,4.5
INPUT,8.0
A,8.0
,4.5
,4.5
,4.5
,4.5
,4.5
,4.5
,4.5
,4.5
INPUT,8.0
A,8.0
,4.5
,4.5
,4.5
,4.5
,4.5
,4.5
,4.5
,4.5
INPUT,8.0
A,8.0
,4.5
,4.5
,4.5
,4.5
,4.5
,4.5
,4.5
,4.5
INPUT,8.0
A,8.0
,4.5
,4.5
,4.5
,4.5
,4.5
,4.5
,4.5
,4.5
INPUT,8.0
A,8.0
,4.5
,4.5
,4.5
,4.5
,4.5
,4.5
,4.5
,4.5
INPUT,8.0
A,8.5
,4.5
,4.5
,4.5
,4.5
,4.5
,4.5
,4.5
,4.5
INPUT,8.0
A,8.5
,4.5
,4.5
,4.5
,4.5
,4.5
,4.5
,4.5
,4.5
INPUT,8.0
A,8.5
,4.5
,4.5
,4.5
,4.5
,4.5
,4.5
,4.5
,4.5
TEXTAREA,9.5
A,8.5
A,8.5
A,8.5
A,8.5
A,8.5
A,8.5
A,8.5
DIV,9.5
INPUT,9.485
DIV,9.5
INPUT,9.485
BUTTON,8.0
,4.5
,4.5
A,8.476923076923077
A,8.5
A,8.5
A,8.5
A,8.5
A,8.5
A,8.5
A,8.5
A,8.5
A,8.5
A,8.5
A,8.5
A,8.5
A,8.5
A,8.5
A,8.5
A,8.5
A,8.5
A,8.5
A,8.5
DIV,9.5
INPUT,9.485
DIV,9.5
INPUT,9.485
BUTTON,8.0
,4.5
,4.5
A,8.476923076923077
A,8.5
A,8.5
A,8.5
A,8.5
A,8.5
A,8.5
A,8.5
A,8.5
A,8.5
A,8.5
A,8.5
A,8.5
A,8.5
A,8.5
A,8.5
A,8.5
A,8.5
A,8.5
A,8.5
DIV,9.5
INPUT,9.485
DIV,9.5
INPUT,9.485
BUTTON,8.0
,4.5
,4.5
A,8.476923076923077
A,8.5
A,8.5
A,8.5
A,8.5
A,8.5
A,8.5
A,8.5
A,8.5
A,8.5
A,8.5
A,8.5
A,8.5
A,8.5
A,8.5
A,8.5
,4.5
A,8.5
A,8.5
A,8.5
DIV,8.0
INPUT,9.485
DIV,8.0
INPUT,9.485
BUTTON,8.0
,4.5
,4.5
A,8.482142857142858
A,8.5
A,8.5
A,8.5
A,8.5
A,8.5
A,8.5
A,8.5
A,8.5
A,8.5
A,8.5
A,8.5
A,8.5
A,8.5
A,8.5
A,8.5
,4.5
A,8.5
A,8.5
A,8.5
,4.5
INPUT,10.985
,4.5
INPUT,11.0
BUTTON,8.0
,4.5
,4.5
A,8.481927710843374
A,8.5
A,8.5
A,8.5
A,8.5
A,8.5
A,8.5
A,8.5
A,8.5
A,8.5
A,8.5
A,8.5
A,8.5
A,8.5
A,8.5
A,8.5
,4.5
A,8.5
A,8.5
A,8.5
,4.5
INPUT,10.972727272727273
,4.5
INPUT,11.0
BUTTON,8.0
,4.5
,4.5
A,8.481927710843374
A,8.5
A,8.5
A,8.5
A,8.5
A,8.5
A,8.5
A,8.5
A,8.5
A,8.5
A,8.5
A,8.5
A,8.5
A,8.5
A,8.5
A,8.5
,4.5
A,8.5
A,8.5
A,8.5
,4.5
INPUT,11.0
,4.5
INPUT,10.972727272727273
BUTTON,8.0
,4.5
,4.5
A,8.481927710843374
A,8.5
A,8.5
A,8.5
A,8.5
A,8.5
A,8.5
A,8.5
A,8.5
A,8.5
A,8.5
,4.5
A,8.5
A,8.5
A,8.5
A,8.5
,4.5
A,8.5
A,8.5
A,8.5
,4.5
INPUT,11.0
,4.5
INPUT,10.972727272727273
BUTTON,8.0
,4.5
,4.5
A,8.5
A,8.5
A,8.5
A,8.5
A,8.5
A,8.5
A,8.5
A,8.5
A,8.5
A,8.5
A,8.5
,4.5
A,8.5
A,10.0
A,10.0
A,10.0
,4.5
A,10.0
A,10.0
A,8.5
,4.5
INPUT,11.0
,4.5
INPUT,10.977941176470589
BUTTON,8.0
,4.5
,4.5
A,8.470588235294118
A,8.5
A,8.5
A,8.5
A,8.5
A,8.5
A,8.5
A,8.5
A,8.5
A,8.5
A,8.5
,4.5
A,8.5
A,10.0
A,10.0
A,10.0
,4.5
A,10.0
A,10.0
A,8.5
,4.5
INPUT,10.977941176470589
,4.5
INPUT,10.977941176470589
BUTTON,8.0
,4.5
,4.5
A,8.470588235294118
A,8.5
A,8.5
A,8.5
A,8.5
A,8.5
A,8.5
A,8.5
A,8.5
A,8.5
A,8.5
,4.5
A,8.5
A,10.0
A,10.0
A,10.0
,4.5
A,10.0
A,10.0
A,8.5
,4.5
INPUT,10.972727272727273
,4.5
INPUT,11.0
BUTTON,8.0
,4.5
,4.5
A,8.470588235294118
A,8.5
A,8.5
A,8.5
A,8.5
A,8.5
A,8.5
A,8.5
A,8.5
A,8.5
A,8.5
,4.5
A,8.5
A,10.0
A,10.0
A,10.0
,4.5
A,10.0
A,10.0
A,8.5
,4.5
INPUT,10.972727272727273
,4.5
INPUT,11.0
BUTTON,8.0
,4.5
,4.5
A,8.470588235294118
A,8.5
A,8.5
A,8.5
A,8.5
A,8.5
A,8.5
A,8.5
A,8.5
A,8.5
A,8.5
,4.5
A,8.5
A,10.0
A,10.0
A,10.0
,4.5
A,10.0
A,10.0
A,8.5
,4.5
INPUT,10.972727272727273
,4.5
INPUT,11.0
BUTTON,8.0
,4.5
,4.5
A,8.470588235294118
A,8.5
A,8.5
A,8.5
A,8.5
A,8.5
A,8.5
A,8.5
A,8.5
A,8.5
A,8.5
,4.5
A,8.5
A,10.0
A,10.0
A,10.0
,4.5
A,10.0
A,10.0
A,8.5
,4.5
INPUT,11.0
,4.5
INPUT,11.0
BUTTON,8.0
,4.5
,4.5
A,8.5
A,8.5
A,8.5
A,8.5
A,8.5
A,8.5
A,8.5
A,8.5
A,8.5
A,8.5
A,8.5
,4.5
A,8.5
A,10.0
A,10.0
A,10.0
,4.5
A,10.0
,4.5
A,8.5
,4.5
INPUT,11.0
,4.5
INPUT,11.0
BUTTON,8.0
,4.5
,4.5
A,8.5
A,8.5
A,8.5
A,8.5
A,8.5
A,8.5
A,8.5
A,8.5
A,8.5
A,8.5
A,8.5
,4.5
,4.5
A,8.0
INPUT,11.0
BUTTON,8.0
A,10.0
A,10.0
A,10.0
A,8.493421052631579
LI,8.0
LI,8.0
LI,8.0
LI,8.0
LI,8.0
LI,8.0
LI,8.0
,4.5
A,8.5
A,8.5
A,8.5
A,8.5
A,8.5
INPUT,11.0
BUTTON,8.0
A,8.5
A,8.5
A,8.5
A,8.5
A,8.5
A,8.48235294117647
A,8.483695652173914
A,8.483870967741936
A,8.477941176470589
A,8.482758620689655
A,8.479166666666666
A,8.5
A,8.5
A,8.5
A,8.5
A,7.9935064935064934
INPUT,10.991935483870968
BUTTON,7.991935483870968
A,9.991935483870968
A,9.991935483870968
A,9.991935483870968
A,8.493506493506494
LI,7.9935064935064934
LI,7.9935064935064934
LI,7.9935064935064934
LI,7.9935064935064934
LI,7.9935064935064934
LI,7.9935064935064934
,4.5
,4.5
A,8.5
A,8.5
A,8.5
A,8.5
A,8.5
INPUT,11.0
BUTTON,8.0
A,8.5
A,8.5
A,8.5
A,8.5
A,8.5
A,8.48235294117647
A,8.483695652173914
A,8.483870967741936
A,8.477941176470589
A,8.482758620689655
A,8.48076923076923
A,8.5
A,8.5
A,8.5
A,8.5
A,6.5
INPUT,9.5
BUTTON,8.0
A,10.0
A,10.0
A,10.0
A,8.493421052631579
LI,8.0
LI,8.0
LI,8.0
LI,8.0
LI,8.0
LI,8.0
,4.5
,4.5
,4.5
A,8.5
A,8.5
A,8.5
A,8.5
INPUT,11.0
BUTTON,8.0
A,8.5
A,8.5
A,8.5
A,8.5
A,8.5
A,8.5
A,8.5
A,8.5
A,8.490066225165563
A,8.48943661971831
A,8.487704918032787
A,8.5
A,8.5
A,8.5
A,8.5
A,8.0
INPUT,9.5
BUTTON,8.0
,4.5
,4.5
BUTTON,7.990384615384615
A,6.9926108374384235
LI,8.0
LI,8.0
LI,8.0
LI,8.0
LI,8.0
LI,8.0
,4.5
,4.5
,4.5
A,8.5
A,8.5
A,8.5
,4.5
INPUT,11.0
BUTTON,8.0
A,8.5
A,8.5
A,8.5
A,8.5
A,8.5
A,8.5
A,8.5
A,8.5
A,8.48943661971831
A,8.488721804511279
A,8.487704918032787
A,8.5
A,8.5
A,8.5
A,8.5
A,8.0
INPUT,9.5
BUTTON,8.0
,4.5
,4.5
BUTTON,7.990384615384615
A,6.992990654205608
LI,8.0
LI,8.0
LI,8.0
LI,8.0
LI,8.0
LI,8.0
,4.5
,4.5
,4.5
A,8.5
A,8.5
A,8.5
,4.5
INPUT,11.0
BUTTON,8.0
A,8.5
A,8.5
A,8.5
A,8.5
A,8.5
A,8.5
A,8.5
A,8.5
A,8.48943661971831
A,8.488721804511279
A,8.487704918032787
A,8.5
A,8.5
A,8.5
A,8.5
A,8.0
INPUT,9.5
BUTTON,8.0
,4.5
,4.5
BUTTON,7.990963855421686
A,8.490963855421686
LI,8.0
LI,8.0
LI,8.0
LI,8.0
LI,8.0
LI,8.0
,4.5
,4.5
,4.5
,4.5
A,8.5
A,8.5
,4.5
INPUT,11.0
BUTTON,8.0
A,8.5
A,8.5
A,8.5
A,8.5
A,8.5
A,8.5
A,8.5
A,8.5
A,8.48943661971831
A,8.488721804511279
A,8.487704918032787
A,8.5
A,8.5
A,8.5
A,8.5
A,8.0
INPUT,9.5
BUTTON,8.0
,4.5
,4.5
BUTTON,8.0
A,8.5
LI,8.0
LI,8.0
LI,8.0
LI,8.0
LI,8.0
LI,8.0
,4.5
,4.5
,4.5
,4.5
A,8.5
A,8.5
,4.5
INPUT,11.0
BUTTON,8.0
A,8.5
A,8.5
A,8.5
A,8.5
A,8.5
A,8.5
A,8.5
A,8.5
A,8.48943661971831
A,8.488721804511279
A,8.487704918032787
A,8.5
A,8.5
A,8.5
A,8.5
A,8.0
INPUT,9.5
BUTTON,8.0
,4.5
,4.5
BUTTON,8.0
A,8.5
LI,8.0
LI,8.0
LI,8.0
LI,8.0
LI,8.0
LI,8.0
,4.5
,4.5
,4.5
,4.5
A,8.5
A,8.5
,4.5
INPUT,11.0
BUTTON,8.0
A,8.5
A,8.5
A,8.5
A,8.5
A,8.5
A,8.5
A,8.5
A,8.5
A,8.48993288590604
A,8.489285714285714
A,8.487903225806452
A,8.5
A,8.5
A,8.5
A,8.5
A,8.0
INPUT,9.5
BUTTON,8.0
,4.5
,4.5
BUTTON,8.0
A,8.5
LI,8.0
LI,8.0
LI,8.0
LI,8.0
LI,8.0
LI,8.0
,4.5
,4.5
,4.5
,4.5
A,8.5
A,8.5
,4.5
INPUT,11.0
BUTTON,8.0
A,8.5
A,8.5
A,8.5
A,8.5
A,8.5
A,8.5
A,8.5
A,8.5
A,8.488888888888889
A,8.488095238095237
A,8.487704918032787
A,8.5
A,8.5
A,8.5
A,8.5
A,8.0
INPUT,9.5
BUTTON,8.0
,4.5
,4.5
BUTTON,8.0
A,8.5
LI,8.0
LI,8.0
LI,8.0
LI,8.0
LI,8.0
LI,8.0
,4.5
,4.5
,4.5
,4.5
A,8.5
A,8.5
,4.5
INPUT,11.0
BUTTON,8.0
A,8.5
A,8.5
A,8.5
A,10.0
A,10.0
A,8.5
A,8.5
A,8.5
A,8.48993288590604
A,8.489285714285714
A,8.487903225806452
A,8.5
A,8.5
A,8.5
A,8.5
A,8.0
INPUT,9.5
BUTTON,8.0
,4.5
,4.5
BUTTON,8.0
A,7.0
LI,8.0
LI,8.0
LI,8.0
LI,8.0
LI,8.0
LI,8.0
,4.5
,4.5
,4.5
,4.5
A,8.5
A,8.5
,4.5
INPUT,11.0
BUTTON,8.0
A,8.5
A,8.5
A,8.5
A,10.0
A,10.0
A,8.5
A,8.5
A,8.5
A,8.488888888888889
A,8.488095238095237
A,8.487704918032787
A,8.5
A,8.5
A,8.5
A,8.5
A,8.0
INPUT,9.5
BUTTON,8.0
,4.5
,4.5
BUTTON,8.0
A,7.0
LI,8.0
LI,8.0
LI,8.0
LI,8.0
LI,8.0
LI,8.0
,4.5
,4.5
,4.5
,4.5
A,8.5
A,8.5
,4.5
INPUT,11.0
BUTTON,8.0
A,8.5
A,8.5
A,8.5
A,10.0
A,10.0
A,8.5
A,8.5
A,8.5
A,8.488888888888889
A,8.488095238095237
A,8.487704918032787
A,8.5
A,8.5
A,8.5
A,8.5
A,8.0
INPUT,9.5
BUTTON,8.0
,4.5
,4.5
BUTTON,8.0
A,7.0
LI,8.0
LI,8.0
LI,8.0
LI,8.0
LI,8.0
LI,8.0
,4.5
,4.5
,4.5
,4.5
A,8.5
A,8.5
,4.5
INPUT,11.0
BUTTON,8.0
A,8.5
A,8.5
A,8.5
A,10.0
A,10.0
A,8.5
A,8.5
A,8.5
A,8.48993288590604
A,8.489285714285714
A,8.488372093023257
A,8.5
A,8.5
A,8.5
A,8.5
A,8.0
INPUT,9.5
BUTTON,8.0
,4.5
,4.5
BUTTON,8.0
A,7.0
LI,8.0
LI,8.0
LI,8.0
LI,8.0
LI,8.0
LI,8.0
,4.5
,4.5
,4.5
,4.5
A,8.5
A,8.5
,4.5
INPUT,11.0
BUTTON,8.0
A,8.5
A,8.5
A,8.5
A,10.0
A,10.0
A,8.5
A,8.5
A,8.5
A,8.49056603773585
A,8.49
A,8.489208633093526
A,8.5
A,8.5
A,8.5
A,8.5
A,8.0
INPUT,9.5
BUTTON,8.0
,4.5
,4.5
BUTTON,8.0
A,8.5
LI,8.0
LI,8.0
LI,8.0
LI,8.0
LI,8.0
LI,8.0
,4.5
,4.5
,4.5
,4.5
A,8.5
A,8.5
,4.5
INPUT,11.0
BUTTON,8.0
A,8.5
A,8.5
A,8.5
A,10.0
A,10.0
A,8.5
A,8.5
A,8.5
A,8.5
A,8.5
A,8.5
A,8.5
A,8.5
A,8.5
A,8.5
A,8.0
A,8.0
A,8.5
A,8.5
A,8.5
A,8.5
A,8.5
BUTTON,8.0
A,7.0
A,9.5
BUTTON,9.5
INPUT,9.5
SELECT,11.0
INPUT,9.5
A,9.5
A,8.0
A,8.0
A,8.0
A,8.0
A,8.0
A,8.0
A,8.0
A,8.0
A,8.0
A,8.0
A,8.0
A,8.0
A,8.0
A,8.5
A,8.5
A,8.5
A,8.5
A,8.5
A,8.5
A,8.5
A,8.5
A,8.5
A,8.5
A,8.5
A,8.5
A,8.5
A,8.0
A,8.0
A,8.0
A,8.0
A,8.0
A,8.0
A,8.5
,4.5
A,8.5
A,8.5
A,8.5
BUTTON,8.0
A,7.0
A,9.5
BUTTON,9.5
INPUT,9.5
SELECT,11.0
INPUT,9.5
A,9.5
A,8.0
A,8.0
A,8.0
A,8.0
A,8.0
A,8.0
,4.5
,4.5
,4.5
,4.5
A,8.0
A,8.0
,4.5
A,8.5
A,8.5
A,8.5
A,8.5
A,8.5
A,8.5
,4.5
A,8.5
A,8.5
A,8.5
A,8.5
A,8.5
A,8.5
A,8.0
A,8.0
A,8.0
A,8.0
A,8.0
A,8.0
A,8.5
,4.5
A,8.5
A,8.5
A,8.5
BUTTON,8.0
A,7.0
A,9.5
BUTTON,9.5
INPUT,9.5
SELECT,11.0
INPUT,9.5
A,9.5
A,8.0
A,8.0
A,8.0
A,8.0
A,8.0
A,8.0
,4.5
,4.5
,4.5
,4.5
A,8.0
A,8.0
,4.5
A,8.5
A,8.5
A,8.5
A,8.5
A,8.5
A,8.5
,4.5
A,8.5
A,8.5
A,8.5
A,8.5
A,8.5
A,8.5
A,8.0
A,8.0
A,8.0
A,8.0
A,8.0
A,8.0
A,8.5
,4.5
A,8.5
A,8.5
A,8.5
BUTTON,8.0
A,7.0
A,9.5
BUTTON,9.5
INPUT,9.5
SELECT,11.0
INPUT,9.5
A,9.5
A,8.0
A,8.0
A,8.0
A,8.0
A,8.0
A,8.0
,4.5
,4.5
,4.5
,4.5
A,8.0
A,8.0
,4.5
A,8.5
A,8.5
A,8.5
A,8.5
A,8.5
A,8.5
,4.5
A,8.5
A,8.5
A,8.5
A,8.5
A,8.5
A,8.5
A,8.0
A,8.0
A,8.0
A,8.0
A,8.0
A,8.0
A,8.5
,4.5
A,8.5
A,8.5
A,8.5
BUTTON,8.0
A,7.0
A,8.0
BUTTON,9.5
INPUT,9.5
SELECT,11.0
INPUT,9.5
A,9.5
A,8.0
A,8.0
A,8.0
A,8.0
A,8.0
A,8.0
,4.5
,4.5
,4.5
,4.5
A,8.0
A,8.0
,4.5
A,8.5
A,8.5
A,8.5
A,8.5
A,8.5
A,8.5
,4.5
A,8.5
A,8.5
,4.5
A,8.5
A,8.5
A,8.5
A,8.0
A,8.0
A,8.0
A,8.0
A,8.0
A,8.0
A,8.5
,4.5
A,8.5
A,8.5
A,8.5
BUTTON,8.0
A,7.0
A,8.0
BUTTON,9.5
INPUT,9.5
SELECT,11.0
INPUT,9.5
A,9.5
A,8.0
A,8.0
A,8.0
A,8.0
A,8.0
A,8.0
,4.5
,4.5
,4.5
,4.5
A,8.0
A,8.0
,4.5
A,8.5
A,8.5
A,8.5
A,8.5
A,8.5
A,8.5
,4.5
A,8.5
A,8.5
,4.5
A,8.5
A,8.5
A,8.5
A,8.0
A,8.0
A,8.0
A,8.0
A,8.0
A,8.0
A,8.5
,4.5
A,8.5
A,8.5
A,8.5
BUTTON,8.0
A,7.0
A,8.0
BUTTON,9.5
INPUT,11.0
SELECT,11.0
INPUT,9.5
A,9.5
A,8.0
A,8.0
A,8.0
A,8.0
A,8.0
A,8.0
,4.5
,4.5
,4.5
,4.5
A,8.0
A,8.0
,4.5
A,8.5
A,8.5
A,8.5
A,8.5
A,8.5
A,8.5
,4.5
A,8.5
,4.5
,4.5
,4.5
A,8.5
A,8.5
A,8.0
A,8.0
A,8.0
A,8.0
A,8.0
A,8.0
A,8.5
,4.5
A,8.5
A,8.5
A,8.5
BUTTON,8.0
A,7.0
A,8.0
BUTTON,9.5
INPUT,11.0
SELECT,11.0
INPUT,9.5
A,9.5
A,8.0
A,8.0
A,8.0
A,8.0
A,8.0
A,8.0
,4.5
,4.5
,4.5
,4.5
A,8.0
A,8.0
,4.5
A,8.5
A,8.5
A,8.5
A,8.5
A,8.5
A,8.5
,4.5
A,8.5
,4.5
,4.5
,4.5
A,8.5
A,8.5
A,8.0
A,8.0
A,8.0
A,8.0
A,8.0
A,8.0
A,8.5
,4.5
A,8.5
A,8.5
A,8.5
BUTTON,8.0
A,7.0
A,8.0
BUTTON,9.5
INPUT,11.0
SELECT,11.0
INPUT,9.5
A,9.5
A,8.0
A,8.0
A,8.0
A,8.0
A,8.0
A,8.0
,4.5
,4.5
,4.5
,4.5
A,8.0
A,8.0
,4.5
A,8.5
A,8.5
A,8.5
A,8.5
A,8.5
A,8.5
,4.5
A,8.5
,4.5
,4.5
,4.5
A,8.5
A,8.5
A,8.0
A,8.0
A,8.0
A,8.0
A,8.0
A,8.0
A,8.5
,4.5
A,8.5
A,8.5
A,8.5
BUTTON,8.0
A,7.0
A,8.0
BUTTON,9.5
INPUT,9.5
SELECT,11.0
INPUT,9.5
A,9.5
A,8.0
A,8.0
A,8.0
A,8.0
A,8.0
A,8.0
,4.5
,4.5
,4.5
,4.5
A,8.0
A,8.0
,4.5
A,8.5
A,8.5
A,8.5
A,8.5
A,8.5
A,8.5
,4.5
A,8.5
,4.5
,4.5
,4.5
A,8.5
A,8.5
A,8.0
A,8.0
A,8.0
A,8.0
A,8.0
A,8.0
A,8.5
,4.5
A,8.5
A,8.5
A,8.5
BUTTON,8.0
A,7.0
A,8.0
BUTTON,9.5
INPUT,11.0
SELECT,11.0
INPUT,9.5
A,9.5
A,8.0
A,8.0
,4.5
A,8.0
A,8.0
A,8.0
,4.5
,4.5
,4.5
,4.5
,4.5
A,8.0
,4.5
A,8.5
A,8.5
A,8.5
A,8.5
A,8.5
A,8.5
,4.5
A,8.5
,4.5
,4.5
,4.5
A,8.5
A,8.5
A,8.0
A,8.0
A,8.0
A,8.0
A,8.0
A,8.0
A,8.5
,4.5
A,8.5
A,8.5
A,8.5
BUTTON,8.0
A,7.0
A,8.0
BUTTON,9.5
INPUT,11.0
SELECT,11.0
INPUT,9.5
A,9.5
A,8.0
A,8.0
,4.5
A,8.0
A,8.0
A,8.0
,4.5
,4.5
,4.5
,4.5
,4.5
A,8.0
,4.5
A,8.5
A,8.5
A,8.5
A,8.5
A,8.5
A,8.5
,4.5
A,8.5
,4.5
,4.5
,4.5
A,8.5
A,8.5
A,8.0
A,8.0
A,8.0
A,8.0
A,8.0
A,8.0
A,8.5
,4.5
A,8.5
A,8.5
A,8.5
BUTTON,8.0
A,7.0
A,8.0
BUTTON,9.5
INPUT,11.0
SELECT,11.0
INPUT,9.5
A,9.5
A,8.0
A,8.0
,4.5
A,8.0
A,8.0
A,8.0
,4.5
,4.5
,4.5
,4.5
,4.5
A,8.0
,4.5
A,8.5
A,8.5
A,8.5
A,8.5
A,8.5
A,8.5
,4.5
A,8.5
,4.5
,4.5
,4.5
A,8.5
A,8.5
A,8.0
A,8.0
A,8.0
A,8.0
A,8.0
A,8.0
A,8.5
,4.5
A,8.5
A,8.5
A,8.5
BUTTON,8.0
A,7.0
A,8.0
BUTTON,9.5
INPUT,11.0
SELECT,9.5
INPUT,9.5
A,9.5
A,8.0
A,8.0
,4.5
A,8.0
A,8.0
A,8.0
,4.5
,4.5
,4.5
,4.5
,4.5
A,8.0
,4.5
A,8.5
A,8.5
A,8.5
A,8.5
A,8.5
A,8.5
,4.5
A,8.5
,4.5
,4.5
,4.5
A,8.5
A,8.5
A,8.0
A,8.0
A,8.0
A,8.0
A,7.997619047619048
A,7.997663551401869
A,8.49773413897281
,4.5
A,8.49767801857585
A,8.497630331753555
A,8.497615262321144
BUTTON,7.997580645161291
A,6.997580645161291
A,7.997863247863248
BUTTON,9.49792243767313
INPUT,10.997857142857143
SELECT,10.99785407725322
INPUT,9.497832369942197
A,9.49779086892489
A,7.997794117647059
A,7.997829232995659
,4.5
A,7.997813411078717
A,7.997813411078717
A,7.997813411078717
,4.5
,4.5
,4.5
,4.5
,4.5
A,8.0
,4.5
A,8.5
A,8.5
A,8.5
A,8.5
A,8.5
A,8.5
,4.5
A,8.5
,4.5
,4.5
,4.5
A,8.5
A,8.5
A,8.0
A,8.0
A,8.0
A,8.0
A,7.0
BUTTON,6.5
BUTTON,8.0
INPUT,11.0
BUTTON,8.0
A,8.5
BUTTON,8.0
BUTTON,8.0
A,8.5
,4.5
,4.5
A,7.0
A,7.0
,4.5
A,7.0
A,7.0
A,7.0
,4.5
A,7.0
INPUT,9.5
BUTTON,8.0
A,7.0
A,7.0
A,7.0
A,7.0
A,7.0
A,7.0
A,8.5
A,8.5
A,8.5
A,8.5
A,8.5
A,8.5
A,8.5
A,8.5
A,8.5
A,8.5
A,8.5
A,8.5
A,8.5
A,8.5
A,8.5
A,8.5
A,7.0
A,7.0
A,7.0
A,7.0
A,7.0
A,7.0
A,7.0
A,7.0
A,7.0
A,7.0
A,10.0
BUTTON,8.0
BUTTON,9.5
INPUT,11.0
BUTTON,9.5
A,8.5
BUTTON,9.5
BUTTON,9.5
A,8.5
,4.5
,4.5
A,7.0
A,7.0
,4.5
,4.5
A,7.0
,4.5
,4.5
A,7.0
INPUT,9.5
BUTTON,9.5
A,8.5
A,8.5
A,8.5
A,8.5
A,8.5
,4.5
A,8.5
A,8.5
A,8.5
A,8.5
A,8.5
A,8.5
A,8.5
A,8.5
A,8.5
A,8.5
A,8.5
A,8.5
A,8.5
A,8.5
A,8.5
A,8.5
,4.5
,4.5
,4.5
,4.5
,4.5
,4.5
,4.5
,4.5
,4.5
,4.5
A,10.0
BUTTON,8.0
BUTTON,9.5
INPUT,11.0
BUTTON,9.5
A,8.5
BUTTON,9.5
BUTTON,9.5
A,8.5
,4.5
,4.5
A,7.0
A,7.0
,4.5
,4.5
A,7.0
,4.5
,4.5
A,7.0
INPUT,9.5
BUTTON,9.5
A,8.5
A,8.5
A,8.5
A,8.5
A,8.5
,4.5
A,8.5
A,8.5
A,8.5
A,8.5
A,8.5
A,8.5
A,8.5
A,8.5
A,8.5
A,8.5
A,8.5
A,8.5
A,8.5
A,8.5
A,8.5
A,8.5
,4.5
,4.5
,4.5
,4.5
,4.5
,4.5
,4.5
,4.5
,4.5
,4.5
A,10.0
BUTTON,8.0
BUTTON,9.5
INPUT,11.0
BUTTON,9.5
A,8.5
BUTTON,9.5
BUTTON,9.5
A,8.5
,4.5
,4.5
,4.5
A,7.0
,4.5
,4.5
,4.5
,4.5
,4.5
,4.5
INPUT,9.5
BUTTON,9.5
A,8.5
A,8.5
A,8.5
A,8.5
A,8.5
,4.5
A,8.5
A,8.5
A,8.5
A,8.5
A,8.5
A,8.5
A,8.5
A,8.5
A,8.5
A,8.5
A,8.5
A,8.5
A,8.5
A,8.5
A,8.5
A,8.5
,4.5
,4.5
,4.5
,4.5
,4.5
,4.5
,4.5
,4.5
,4.5
,4.5
A,8.5
BUTTON,6.5
BUTTON,8.0
INPUT,9.5
BUTTON,8.0
,4.5
BUTTON,9.5
,4.5
A,7.0
,4.5
,4.5
,4.5
A,7.0
,4.5
,4.5
,4.5
,4.5
,4.5
,4.5
INPUT,9.5
BUTTON,9.5
A,7.0
A,7.0
A,7.0
A,7.0
A,7.0
,4.5
A,8.5
A,8.5
A,8.5
A,8.5
A,8.5
A,8.5
A,8.5
A,8.5
A,8.5
A,8.5
A,8.5
A,8.5
A,8.5
A,8.5
A,8.5
A,8.5
,4.5
,4.5
,4.5
,4.5
,4.5
,4.5
,4.5
,4.5
,4.5
,4.5
A,8.5
BUTTON,8.0
BUTTON,8.0
INPUT,9.5
BUTTON,8.0
,4.5
BUTTON,9.5
,4.5
A,8.5
,4.5
,4.5
,4.5
A,7.0
,4.5
,4.5
,4.5
,4.5
,4.5
,4.5
INPUT,9.5
BUTTON,9.5
A,7.0
A,7.0
A,7.0
A,7.0
A,7.0
,4.5
A,8.5
A,8.5
A,8.5
A,8.5
A,8.5
A,8.5
A,8.5
A,8.5
A,8.5
A,8.5
A,8.5
A,8.5
A,8.5
,4.5
,4.5
,4.5
,4.5
,4.5
,4.5
,4.5
,4.5
,4.5
,4.5
,4.5
,4.5
,4.5
A,8.5
BUTTON,8.0
BUTTON,8.0
INPUT,9.5
BUTTON,8.0
,4.5
BUTTON,9.5
,4.5
A,8.5
,4.5
,4.5
,4.5
A,7.0
,4.5
,4.5
,4.5
,4.5
,4.5
,4.5
INPUT,9.5
BUTTON,9.5
A,7.0
A,7.0
A,7.0
A,7.0
A,7.0
,4.5
A,8.5
A,8.5
A,8.5
A,8.5
A,8.5
A,8.5
A,8.5
A,8.5
A,8.5
A,8.5
A,8.5
A,8.5
A,8.5
,4.5
,4.5
,4.5
,4.5
,4.5
,4.5
,4.5
,4.5
,4.5
,4.5
,4.5
,4.5
,4.5
A,8.5
BUTTON,8.0
BUTTON,8.0
INPUT,9.5
BUTTON,8.0
,4.5
BUTTON,9.5
,4.5
A,8.5
,4.5
,4.5
,4.5
A,7.0
,4.5
,4.5
,4.5
,4.5
,4.5
,4.5
INPUT,9.5
BUTTON,9.5
A,7.0
A,7.0
A,7.0
A,7.0
A,7.0
,4.5
A,8.5
A,8.5
A,8.5
A,8.5
A,8.5
A,8.5
A,8.5
A,8.5
A,8.5
A,8.5
A,8.5
A,8.5
A,8.5
,4.5
,4.5
,4.5
,4.5
,4.5
,4.5
,4.5
,4.5
,4.5
,4.5
,4.5
,4.5
,4.5
A,8.5
BUTTON,8.0
BUTTON,8.0
INPUT,9.5
BUTTON,8.0
,4.5
BUTTON,9.5
,4.5
A,8.5
,4.5
,4.5
,4.5
,4.5
,4.5
,4.5
,4.5
,4.5
,4.5
,4.5
INPUT,9.5
BUTTON,9.5
A,7.0
A,7.0
A,7.0
A,7.0
A,7.0
,4.5
A,8.5
A,8.5
A,8.5
A,8.5
A,8.5
A,8.5
A,8.5
A,8.5
A,8.5
A,8.5
A,8.5
A,8.5
A,8.5
,4.5
,4.5
,4.5
,4.5
,4.5
,4.5
,4.5
,4.5
,4.5
,4.5
,4.5
,4.5
,4.5
A,7.0
,4.5
,4.5
INPUT,8.0
BUTTON,6.5
,4.5
A,8.5
,4.5
BUTTON,6.5
,4.5
,4.5
,4.5
,4.5
,4.5
,4.5
,4.5
,4.5
,4.5
,4.5
,4.5
,4.5
,4.5
,4.5
,4.5
,4.5
,4.5
,4.5
,4.5
,4.5
,4.5
,4.5
A,8.5
,4.5
,4.5
,4.5
,4.5
,4.5
,4.5
,4.5
A,8.5
,4.5
,4.5
,4.5
,4.5
,4.5
,4.5
,4.5
,4.5
,4.5
,4.5
,4.5
,4.5
,4.5
A,7.0
,4.5
,4.5
INPUT,8.0
BUTTON,6.5
,4.5
A,8.5
,4.5
BUTTON,8.0
,4.5
,4.5
,4.5
,4.5
,4.5
,4.5
,4.5
,4.5
,4.5
,4.5
,4.5
,4.5
,4.5
,4.5
,4.5
,4.5
,4.5
,4.5
,4.5
,4.5
,4.5
,4.5
A,8.5
,4.5
,4.5
,4.5
,4.5
,4.5
,4.5
,4.5
A,8.5
,4.5
,4.5
,4.5
,4.5
,4.5
,4.5
,4.5
,4.5
,4.5
,4.5
,4.5
,4.5
,4.5
A,7.0
,4.5
,4.5
INPUT,8.0
BUTTON,6.5
,4.5
A,8.5
,4.5
BUTTON,8.0
,4.5
,4.5
,4.5
,4.5
,4.5
,4.5
,4.5
,4.5
,4.5
,4.5
,4.5
,4.5
,4.5
,4.5
,4.5
,4.5
,4.5
,4.5
,4.5
,4.5
,4.5
,4.5
A,8.5
,4.5
,4.5
,4.5
,4.5
,4.5
,4.5
,4.5
A,8.5
,4.5
,4.5
,4.5
,4.5
,4.5
,4.5
,4.5
,4.5
,4.5
,4.5
,4.5
,4.5
,4.5
A,7.0
,4.5
,4.5
INPUT,8.0
BUTTON,6.5
,4.5
A,8.5
,4.5
BUTTON,8.0
,4.5
,4.5
,4.5
,4.5
,4.5
,4.5
,4.5
,4.5
,4.5
,4.5
,4.5
,4.5
,4.5
,4.5
,4.5
,4.5
,4.5
,4.5
,4.5
,4.5
,4.5
,4.5
,4.5
,4.5
,4.5
,4.5
,4.5
,4.5
,4.5
,4.5
,4.5
,4.5
,4.5
,4.5
,4.5
,4.5
,4.5
,4.5
,4.5
,4.5
,4.5
,4.5
,4.5
,4.5
A,7.0
,4.5
,4.5
INPUT,8.0
BUTTON,6.5
,4.5
A,8.5
,4.5
BUTTON,8.0
,4.5
,4.5
,4.5
,4.5
,4.5
,4.5
,4.5
,4.5
,4.5
,4.5
,4.5
,4.5
,4.5
,4.5
,4.5
,4.5
,4.5
,4.5
,4.5
,4.5
,4.5
,4.5
,4.5
,4.5
,4.5
,4.5
,4.5
,4.5
,4.5
,4.5
,4.5
,4.5
,4.5
,4.5
,4.5
,4.5
,4.5
,4.5
,4.5
,4.5
,4.5
,4.5
,4.5
,4.5
A,7.0
,4.5
,4.5
INPUT,8.0
BUTTON,6.5
,4.5
A,8.5
,4.5
BUTTON,8.0
,4.5
,4.5
,4.5
,4.5
,4.5
,4.5
,4.5
,4.5
,4.5
,4.5
,4.5
,4.5
,4.5
,4.5
,4.5
,4.5
,4.5
,4.5
,4.5
,4.5
,4.5
,4.5
,4.5
,4.5
,4.5
,4.5
,4.5
,4.5
,4.5
,4.5
,4.5
,4.5
,4.5
,4.5
,4.5
,4.5
,4.5
,4.5
,4.5
,4.5
,4.5
,4.5
,4.5
,4.5
A,7.970588235294118
A,7.970588235294118
A,7.982954545454545
A,8.482954545454545
A,6.470588235294118
,4.5
A,8.0
A,7.982954545454545
A,7.982954545454545
DIV,6.482954545454545
BUTTON,7.982954545454545
A,8.5
A,8.5
A,8.5
A,8.5
A,8.5
A,8.5
A,8.5
A,8.5
A,8.5
A,8.5
A,8.5
A,8.5
A,8.5
A,8.5
A,8.5
A,8.5
A,8.5
A,8.5
A,8.5
A,8.5
A,8.5
A,6.955882352941177
A,6.955882352941177
A,6.955882352941177
A,6.955882352941177
A,8.455882352941176
A,8.5
A,8.5
A,8.5
A,8.5
A,8.5
A,8.5
A,8.5
A,8.5
A,8.5
A,7.974137931034483
A,7.974137931034483
A,7.984375
A,8.484375
A,6.474137931034483
,4.5
A,8.0
A,7.984375
A,7.984375
DIV,6.484375
BUTTON,7.984375
A,8.5
A,8.5
A,8.5
A,8.5
A,8.5
A,8.5
A,8.5
A,8.5
A,8.5
A,8.5
A,8.5
A,8.5
A,8.5
A,8.5
A,8.5
A,8.5
A,8.5
A,8.5
A,8.5
A,8.5
A,8.5
A,6.955882352941177
A,6.955882352941177
A,6.955882352941177
A,6.955882352941177
A,8.455882352941176
,4.5
A,8.5
A,8.5
A,8.5
A,8.5
A,8.5
A,8.5
A,8.5
A,8.5
A,10.0
,4.5
A,10.0
A,10.0
A,8.5
,4.5
A,10.0
A,10.0
,4.5
A,10.0
,4.5
,4.5
A,10.0
A,10.0
,4.5
,4.5
A,10.0
,4.5
,4.5
,4.5
,4.5
,4.5
,4.5
,4.5
,4.5
,4.5
A,10.0
A,10.0
A,10.0
A,10.0
A,10.0
A,10.0
A,8.5
A,8.5
A,8.5
A,8.5
A,10.0
,4.5
A,10.0
A,10.0
A,10.0
A,10.0
A,10.0
A,10.0
A,10.0
A,10.0
A,10.0
,4.5
A,10.0
A,10.0
A,8.5
,4.5
A,10.0
A,10.0
,4.5
A,10.0
,4.5
,4.5
A,10.0
A,10.0
,4.5
,4.5
A,10.0
,4.5
,4.5
,4.5
,4.5
,4.5
,4.5
,4.5
,4.5
,4.5
A,10.0
A,10.0
A,10.0
A,10.0
A,10.0
A,10.0
A,8.5
A,8.5
A,8.5
A,8.5
A,10.0
,4.5
A,10.0
A,10.0
A,10.0
A,10.0
A,10.0
A,10.0
A,10.0
A,10.0
A,10.0
,4.5
A,10.0
A,10.0
A,8.5
,4.5
A,10.0
A,10.0
,4.5
A,10.0
,4.5
,4.5
A,10.0
A,10.0
,4.5
,4.5
A,10.0
,4.5
,4.5
,4.5
,4.5
,4.5
,4.5
,4.5
,4.5
,4.5
A,10.0
A,10.0
A,10.0
A,10.0
A,10.0
A,10.0
A,8.5
A,8.5
A,8.5
A,8.5
A,10.0
,4.5
A,10.0
A,10.0
A,10.0
A,10.0
A,10.0
A,10.0
A,10.0
A,10.0
A,10.0
,4.5
A,10.0
A,10.0
A,8.5
,4.5
A,10.0
A,10.0
,4.5
A,10.0
,4.5
,4.5
A,10.0
A,10.0
,4.5
,4.5
A,10.0
,4.5
,4.5
,4.5
,4.5
,4.5
,4.5
,4.5
,4.5
,4.5
A,10.0
A,10.0
A,10.0
A,10.0
A,10.0
A,10.0
A,8.5
A,8.5
A,8.5
A,8.5
A,10.0
,4.5
A,10.0
A,10.0
A,10.0
A,10.0
A,10.0
A,10.0
A,10.0
A,10.0
A,10.0
,4.5
A,10.0
A,10.0
A,8.5
,4.5
A,10.0
A,10.0
,4.5
A,10.0
,4.5
,4.5
A,10.0
A,10.0
,4.5
,4.5
A,10.0
,4.5
,4.5
,4.5
,4.5
,4.5
,4.5
,4.5
,4.5
,4.5
A,10.0
A,10.0
A,10.0
A,10.0
A,10.0
A,10.0
A,8.5
A,8.5
A,8.5
A,8.5
A,10.0
,4.5
A,10.0
A,10.0
A,10.0
A,10.0
A,10.0
A,10.0
A,10.0
A,10.0
A,10.0
,4.5
A,10.0
A,10.0
A,8.5
,4.5
A,10.0
A,10.0
,4.5
A,10.0
,4.5
,4.5
A,10.0
A,10.0
,4.5
,4.5
A,10.0
,4.5
,4.5
,4.5
,4.5
,4.5
,4.5
,4.5
,4.5
,4.5
A,10.0
A,10.0
A,10.0
A,10.0
A,10.0
A,10.0
A,8.5
A,8.5
A,8.5
A,8.5
A,10.0
,4.5
A,10.0
A,10.0
A,10.0
A,10.0
A,10.0
A,10.0
A,10.0
A,10.0
A,10.0
,4.5
A,10.0
A,10.0
A,8.5
,4.5
A,10.0
A,10.0
,4.5
A,10.0
,4.5
,4.5
A,10.0
A,10.0
,4.5
,4.5
A,10.0
,4.5
,4.5
,4.5
,4.5
,4.5
,4.5
,4.5
,4.5
,4.5
A,10.0
A,10.0
A,10.0
A,10.0
A,10.0
A,10.0
A,8.5
A,8.5
A,8.5
A,8.5
A,10.0
,4.5
A,10.0
A,10.0
A,10.0
A,10.0
A,10.0
A,10.0
A,10.0
A,10.0
A,10.0
,4.5
A,10.0
A,10.0
A,8.5
,4.5
A,10.0
A,10.0
,4.5
A,10.0
,4.5
,4.5
A,10.0
A,10.0
,4.5
,4.5
A,10.0
,4.5
,4.5
,4.5
,4.5
,4.5
,4.5
,4.5
,4.5
,4.5
A,10.0
A,10.0
A,10.0
A,10.0
A,10.0
A,10.0
A,8.5
A,8.5
A,8.5
A,8.5
A,10.0
,4.5
A,10.0
A,10.0
A,10.0
A,10.0
A,10.0
A,10.0
A,10.0
A,10.0
A,8.0
,4.5
A,8.5
A,8.5
A,6.5
,4.5
A,8.5
A,8.5
,4.5
BUTTON,8.0
,4.5
,4.5
A,8.0
A,8.0
,4.5
,4.5
A,8.0
,4.5
,4.5
,4.5
,4.5
,4.5
,4.5
,4.5
,4.5
,4.5
A,8.0
A,8.0
A,8.0
A,8.0
A,8.0
A,8.0
A,8.0
A,8.0
A,8.0
A,8.0
A,8.5
,4.5
A,8.0
A,8.0
A,8.0
A,8.0
A,8.0
A,8.0
A,8.0
A,8.0
A,8.0
,4.5
A,8.5
A,8.5
A,6.5
,4.5
A,8.5
A,8.5
,4.5
BUTTON,8.0
,4.5
,4.5
A,8.0
A,8.0
,4.5
,4.5
A,8.0
,4.5
,4.5
,4.5
,4.5
,4.5
,4.5
,4.5
,4.5
,4.5
A,8.0
A,8.0
A,8.0
A,8.0
A,8.0
A,8.0
A,8.0
A,8.0
A,8.0
A,8.0
A,8.5
,4.5
A,8.0
A,8.0
A,8.0
A,8.0
A,8.0
A,8.0
A,8.0
A,8.0
A,8.0
,4.5
A,8.5
A,8.5
A,6.5
,4.5
A,8.5
A,8.5
,4.5
BUTTON,8.0
,4.5
,4.5
A,8.0
A,8.0
,4.5
,4.5
A,8.0
,4.5
,4.5
,4.5
,4.5
,4.5
,4.5
,4.5
,4.5
,4.5
A,8.0
A,8.0
A,8.0
A,8.0
A,8.0
A,8.0
A,8.0
A,8.0
A,8.0
A,8.0
A,8.0
,4.5
A,8.0
A,8.0
A,8.0
A,8.0
A,8.0
A,8.0
A,8.0
A,8.0
A,8.0
,4.5
A,8.5
A,8.5
A,6.5
,4.5
A,8.5
A,8.5
,4.5
BUTTON,8.0
,4.5
,4.5
A,8.0
A,8.0
,4.5
,4.5
A,8.0
,4.5
,4.5
,4.5
,4.5
,4.5
,4.5
,4.5
,4.5
,4.5
A,8.0
A,8.0
A,8.0
A,8.0
A,8.0
A,8.0
A,8.0
A,8.0
A,8.0
A,8.0
A,8.0
,4.5
A,8.0
A,8.0
A,8.0
A,8.0
A,8.0
A,8.0
A,8.0
A,8.0
A,8.0
,4.5
A,8.5
A,8.5
A,6.5
,4.5
A,8.5
A,8.5
,4.5
BUTTON,8.0
,4.5
,4.5
,4.5
A,8.0
,4.5
,4.5
,4.5
,4.5
,4.5
,4.5
,4.5
,4.5
,4.5
,4.5
,4.5
,4.5
A,8.0
A,8.0
A,8.0
A,8.0
A,8.0
A,8.0
A,8.0
A,8.0
A,8.0
A,8.0
A,8.0
,4.5
A,8.0
A,8.0
A,8.0
A,8.0
A,8.0
A,8.0
A,8.0
A,8.0
A,8.5
A,8.5
A,8.5
A,8.5
A,8.5
A,8.5
A,8.5
,4.5
A,8.5
A,8.5
A,8.5
A,8.5
A,8.5
A,8.5
A,8.5
A,8.5
A,8.5
A,8.5
A,8.5
A,8.5
A,8.5
A,8.5
A,8.5
A,8.5
,4.5
A,8.5
A,8.5
A,8.5
A,8.5
A,8.5
A,8.5
A,8.5
A,8.5
A,8.5
A,8.5
A,8.5
A,8.5
A,8.5
A,8.5
A,8.5
A,8.5
,4.5
A,8.5
A,8.5
A,8.5
A,8.5
A,8.5
A,8.5
A,8.5
A,8.5
A,8.5
A,8.5
A,8.5
A,8.5
A,8.5
A,8.5
A,8.5
A,8.5
,4.5
A,8.5
A,8.5
A,8.5
A,8.5
A,8.5
A,8.5
A,8.5
A,8.5
A,8.5
A,8.5
A,8.5
A,8.5
A,8.5
A,8.5
A,8.5
A,8.5
,4.5
A,8.5
A,8.5
A,8.5
A,8.5
A,8.5
A,8.5
A,8.5
A,8.5
A,8.5
A,8.5
A,8.5
A,8.5
A,8.5
A,8.5
A,8.5
A,8.5
,4.5
A,8.5
A,8.5
A,8.5
A,8.5
A,8.5
A,8.5
A,8.5
A,8.5
A,8.5
A,8.5
A,8.5
A,8.5
A,8.5
A,8.5
A,8.5
A,8.5
,4.5
A,8.5
A,8.5
A,8.5
A,8.5
A,8.5
A,8.5
A,8.5
A,8.5
A,8.5
A,8.5
A,8.5
A,8.5
A,8.5
A,8.5
A,8.5
A,8.5
,4.5
A,8.5
A,8.5
A,8.5
A,8.5
A,8.5
A,8.5
A,8.5
A,8.5
A,8.5
A,8.5
A,8.5
A,8.5
A,8.5
A,8.5
A,8.5
A,8.5
,4.5
A,8.5
A,8.5
A,8.5
A,8.5
A,8.5
A,8.5
A,8.5
A,8.5
A,8.5
A,8.5
A,8.5
A,8.5
A,8.5
A,8.5
A,8.5
A,8.5
,4.5
A,8.5
A,8.5
A,8.5
A,8.5
A,8.5
A,8.5
A,8.5
A,8.5
A,8.5
A,8.5
A,8.5
A,8.5
A,8.5
A,8.5
A,8.5
A,8.5
,4.5
A,8.5
A,8.5
A,8.5
A,8.5
A,8.5
A,8.5
A,8.5
A,8.5
A,8.5
A,8.5
A,8.5
A,8.5
A,8.5
A,8.5
A,8.5
A,8.5
,4.5
A,8.5
A,8.5
A,8.5
A,8.5
A,8.5
A,8.5
A,8.5
A,8.5
A,8.5
A,8.5
A,8.5
A,8.5
A,8.5
A,8.5
A,8.5
A,8.5
,4.5
A,8.5
A,8.5
A,8.5
A,8.5
A,8.5
A,8.5
A,8.5
A,8.5
A,8.5
A,8.5
A,8.5
A,8.5
A,8.5
A,8.5
A,8.5
A,8.5
,4.5
A,8.5
A,8.5
A,8.5
A,8.5
A,8.5
A,8.5
A,8.5
A,8.5
A,8.5
A,10.0
A,8.5
A,8.5
A,8.5
A,8.5
A,8.5
A,8.5
,4.5
A,8.5
A,8.5
A,8.5
A,8.5
A,8.5
A,8.5
A,8.5
A,8.5
A,8.5
A,8.5
A,8.5
A,8.5
A,8.5
A,8.5
A,8.5
DIV,8.0
,4.5
,4.5
,4.5
,4.5
,4.5
A,8.5
A,8.5
A,8.5
A,8.5
A,8.5
A,8.5
DIV,8.0
,4.5
,4.5
,4.5
,4.5
,4.5
A,8.5
A,8.5
A,8.5
A,8.5
A,8.5
A,8.5
DIV,8.0
,4.5
,4.5
,4.5
,4.5
,4.5
A,8.5
A,8.5
A,8.5
A,8.5
A,8.5
A,8.5
,4.5
,4.5
,4.5
,4.5
,4.5
,4.5
A,10.0
A,10.0
A,10.0
A,10.0
A,10.0
A,10.0
,4.5
,4.5
,4.5
,4.5
,4.5
,4.5
A,10.0
A,10.0
A,10.0
A,10.0
A,10.0
A,10.0
,4.5
,4.5
,4.5
,4.5
,4.5
,4.5
A,10.0
A,10.0
A,10.0
A,10.0
A,10.0
A,10.0
,4.5
,4.5
,4.5
,4.5
,4.5
,4.5
A,10.0
A,10.0
A,10.0
A,10.0
A,10.0
A,10.0
,4.5
,4.5
,4.5
,4.5
,4.5
,4.5
A,10.0
A,10.0
A,10.0
A,10.0
A,10.0
A,10.0
,4.5
,4.5
,4.5
,4.5
,4.5
,4.5
A,10.0
A,10.0
A,10.0
A,10.0
A,10.0
A,10.0
,4.5
,4.5
,4.5
,4.5
,4.5
,4.5
A,10.0
A,10.0
A,10.0
A,10.0
A,10.0
A,10.0
,4.5
,4.5
,4.5
,4.5
,4.5
,4.5
A,10.0
A,10.0
A,10.0
A,10.0
A,10.0
A,10.0
,4.5
,4.5
,4.5
,4.5
,4.5
,4.5
A,10.0
A,10.0
A,10.0
A,10.0
A,10.0
A,10.0
,4.5
,4.5
,4.5
,4.5
,4.5
,4.5
A,10.0
A,10.0
A,10.0
A,10.0
A,10.0
A,10.0
,4.5
,4.5
,4.5
,4.5
,4.5
,4.5
A,10.0
A,10.0
A,10.0
A,10.0
A,10.0
A,10.0
,4.5
,4.5
,4.5
,4.5
,4.5
,4.5
I,8.0
INPUT,9.48611111111111
INPUT,9.486725663716815
INPUT,8.98611111111111
A,7.969387755102041
LABEL,7.485294117647059
H2,6.5
SPAN,8.0
INPUT,9.5
INPUT,9.5
INPUT,9.5
INPUT,9.5
SELECT,11.0
SELECT,11.0
SELECT,11.0
INPUT,10.5
LABEL,8.0
INPUT,10.5
P,8.0
BUTTON,11.0
,4.5
A,8.0
A,8.0
A,8.0
A,8.0
I,8.0
INPUT,9.48611111111111
INPUT,9.486725663716815
INPUT,8.98611111111111
A,7.969387755102041
LABEL,7.485294117647059
H2,6.5
SPAN,8.0
INPUT,9.5
INPUT,9.5
INPUT,9.5
INPUT,9.5
SELECT,11.0
SELECT,11.0
SELECT,11.0
INPUT,10.5
LABEL,8.0
INPUT,10.5
P,8.0
BUTTON,11.0
,4.5
A,8.0
A,8.0
A,8.0
A,8.0
I,8.0
INPUT,9.488
INPUT,9.488461538461538
INPUT,8.988
A,7.9772727272727275
LABEL,7.485294117647059
H2,6.5
SPAN,8.0
INPUT,9.5
INPUT,9.5
INPUT,9.5
INPUT,9.5
SELECT,11.0
SELECT,11.0
SELECT,11.0
INPUT,11.0
LABEL,8.0
INPUT,11.0
P,8.0
BUTTON,11.0
,4.5
A,8.0
A,8.0
A,8.0
A,8.0
I,8.0
INPUT,9.48611111111111
INPUT,9.486725663716815
INPUT,8.98611111111111
A,7.969387755102041
LABEL,7.485294117647059
H2,6.5
SPAN,8.0
INPUT,9.5
INPUT,9.5
INPUT,9.5
INPUT,9.5
SELECT,11.0
SELECT,11.0
SELECT,11.0
INPUT,11.0
LABEL,8.0
INPUT,11.0
P,8.0
BUTTON,11.0
,4.5
A,8.0
A,8.0
A,8.0
A,8.0
I,8.0
INPUT,9.488
INPUT,9.488461538461538
INPUT,8.988
A,7.9772727272727275
LABEL,7.485294117647059
H2,6.5
SPAN,8.0
INPUT,9.5
INPUT,9.5
INPUT,9.5
INPUT,9.5
SELECT,11.0
SELECT,11.0
SELECT,11.0
INPUT,11.0
LABEL,8.0
INPUT,11.0
P,8.0
BUTTON,11.0
,4.5
A,8.0
A,8.0
A,8.0
A,8.0
IMG,5.5
INPUT,11.0
INPUT,11.0
BUTTON,11.0
A,8.0
,4.5
,4.5
,4.5
,4.5
,4.5
,4.5
,4.5
,4.5
,4.5
,4.5
,4.5
,4.5
,4.5
,4.5
,4.5
,4.5
A,8.0
A,8.0
A,8.0
A,8.0
IMG,5.5
INPUT,11.0
INPUT,11.0
BUTTON,11.0
A,8.0
,4.5
,4.5
,4.5
,4.5
,4.5
,4.5
,4.5
,4.5
,4.5
,4.5
,4.5
,4.5
,4.5
,4.5
,4.5
,4.5
A,8.0
A,8.0
A,8.0
A,8.0
IMG,5.5
INPUT,11.0
INPUT,11.0
BUTTON,11.0
A,8.0
,4.5
,4.5
,4.5
,4.5
,4.5
,4.5
,4.5
,4.5
,4.5
,4.5
,4.5
,4.5
,4.5
,4.5
,4.5
,4.5
A,8.0
A,8.0
A,8.0
A,8.0
IMG,5.5
INPUT,11.0
INPUT,11.0
BUTTON,11.0
A,8.0
,4.5
,4.5
,4.5
,4.5
,4.5
,4.5
,4.5
,4.5
,4.5
,4.5
,4.5
,4.5
,4.5
,4.5
,4.5
,4.5
A,8.0
,4.5
A,8.0
A,8.0
IMG,5.5
INPUT,11.0
INPUT,11.0
BUTTON,11.0
A,8.0
,4.5
,4.5
,4.5
,4.5
,4.5
,4.5
,4.5
,4.5
,4.5
,4.5
,4.5
,4.5
,4.5
,4.5
,4.5
,4.5
A,8.0
,4.5
A,8.0
A,8.0
IMG,5.5
INPUT,11.0
INPUT,11.0
BUTTON,11.0
A,8.0
,4.5
,4.5
,4.5
,4.5
,4.5
,4.5
,4.5
,4.5
,4.5
,4.5
,4.5
,4.5
,4.5
,4.5
,4.5
,4.5
A,8.0
,4.5
A,8.0
A,8.0
IMG,5.5
INPUT,11.0
INPUT,11.0
BUTTON,11.0
A,8.0
,4.5
,4.5
,4.5
,4.5
,4.5
,4.5
,4.5
,4.5
,4.5
,4.5
,4.5
,4.5
,4.5
,4.5
,4.5
,4.5
A,8.0
,4.5
A,8.0
A,8.0
IMG,5.5
INPUT,11.0
INPUT,11.0
BUTTON,11.0
A,8.0
,4.5
,4.5
,4.5
,4.5
,4.5
,4.5
,4.5
,4.5
,4.5
,4.5
,4.5
,4.5
,4.5
,4.5
,4.5
,4.5
A,8.0
,4.5
A,8.0
A,8.0
IMG,5.5
INPUT,11.0
INPUT,11.0
BUTTON,11.0
A,8.0
,4.5
,4.5
,4.5
,4.5
,4.5
,4.5
,4.5
,4.5
,4.5
,4.5
,4.5
,4.5
,4.5
,4.5
,4.5
,4.5
A,8.0
,4.5
A,8.0
A,8.0
IMG,5.5
INPUT,11.0
INPUT,11.0
BUTTON,11.0
A,8.0
,4.5
,4.5
,4.5
,4.5
,4.5
,4.5
,4.5
,4.5
,4.5
,4.5
,4.5
,4.5
,4.5
,4.5
,4.5
,4.5
A,8.0
,4.5
A,8.0
A,8.0
BUTTON,8.0
A,9.5
A,8.5
A,10.0
A,10.0
A,10.0
A,10.0
A,10.0
A,10.0
A,10.0
A,10.0
A,10.0
A,8.0
A,8.0
A,8.0
A,8.0
A,8.0
A,8.0
A,8.0
A,8.0
A,8.0
A,8.0
BUTTON,8.0
A,9.5
A,8.5
A,10.0
A,10.0
A,10.0
A,10.0
A,10.0
A,10.0
A,10.0
A,10.0
A,10.0
A,8.0
A,8.0
A,8.0
A,8.0
A,8.0
A,8.0
A,8.0
A,8.0
A,8.0
A,8.0
BUTTON,8.0
A,9.5
A,8.5
A,10.0
A,10.0
A,10.0
A,10.0
A,10.0
A,10.0
A,10.0
A,10.0
A,10.0
A,8.0
A,8.0
A,8.0
A,8.0
A,8.0
A,8.0
A,8.0
A,8.0
A,8.0
A,8.0
BUTTON,8.0
A,9.5
A,8.5
A,10.0
A,10.0
A,10.0
A,10.0
A,10.0
A,10.0
A,10.0
A,10.0
A,10.0
A,8.0
A,8.0
A,8.0
A,8.0
A,8.0
A,8.0
A,8.0
A,8.0
A,8.0
A,8.0
BUTTON,8.0
A,9.5
A,8.5
A,10.0
A,10.0
A,10.0
A,10.0
A,10.0
A,10.0
A,10.0
A,10.0
A,10.0
A,8.0
A,8.0
A,8.0
A,8.0
A,8.0
A,8.0
A,8.0
A,8.0
A,8.0
A,8.0
BUTTON,8.0
A,9.5
A,8.5
A,10.0
A,10.0
A,10.0
A,10.0
A,10.0
A,10.0
A,10.0
A,10.0
A,10.0
A,8.0
A,8.0
A,8.0
A,8.0
A,8.0
,4.5
,4.5
A,8.0
,4.5
,4.5
BUTTON,8.0
A,9.5
A,8.5
A,10.0
A,10.0
A,10.0
A,10.0
A,10.0
A,10.0
A,10.0
A,10.0
A,10.0
A,8.0
A,8.0
A,8.0
A,8.0
A,8.0
,4.5
,4.5
A,8.0
,4.5
,4.5
BUTTON,8.0
A,9.5
A,8.5
A,10.0
A,10.0
A,10.0
A,10.0
A,10.0
A,10.0
A,10.0
A,10.0
,4.5
A,8.0
A,8.0
A,8.0
A,8.0
A,8.0
,4.5
,4.5
A,8.0
,4.5
,4.5
BUTTON,8.0
A,9.5
A,8.5
A,10.0
A,10.0
A,10.0
A,10.0
A,10.0
A,10.0
A,10.0
,4.5
,4.5
A,8.0
A,8.0
A,8.0
A,8.0
A,8.0
,4.5
,4.5
A,8.0
,4.5
,4.5
BUTTON,8.0
A,9.5
A,8.5
A,10.0
A,10.0
A,10.0
A,10.0
A,10.0
A,10.0
A,10.0
,4.5
,4.5
A,8.0
A,8.0
,4.5
,4.5
A,8.0
,4.5
,4.5
,4.5
,4.5
,4.5
BUTTON,8.0
A,9.5
A,8.5
A,10.0
A,10.0
A,10.0
A,10.0
A,10.0
A,10.0
A,10.0
,4.5
,4.5
A,8.0
A,8.0
,4.5
,4.5
A,8.0
,4.5
,4.5
,4.5
,4.5
,4.5
BUTTON,8.0
A,9.5
A,8.5
A,10.0
A,10.0
A,10.0
A,10.0
A,10.0
A,10.0
A,10.0
,4.5
,4.5
A,8.0
A,8.0
,4.5
,4.5
A,8.0
,4.5
,4.5
,4.5
,4.5
,4.5
BUTTON,8.0
A,9.5
A,8.5
A,10.0
A,10.0
A,10.0
A,10.0
A,10.0
A,10.0
A,10.0
,4.5
,4.5
A,8.0
A,8.0
,4.5
,4.5
A,8.0
,4.5
,4.5
,4.5
,4.5
,4.5
BUTTON,8.0
A,9.5
A,8.5
A,10.0
A,10.0
A,10.0
A,10.0
A,10.0
A,10.0
A,10.0
,4.5
,4.5
A,8.0
A,8.0
,4.5
,4.5
A,8.0
,4.5
,4.5
,4.5
,4.5
,4.5
BUTTON,8.0
A,9.5
A,8.5
A,10.0
A,10.0
A,10.0
A,10.0
A,10.0
A,10.0
A,10.0
,4.5
,4.5
A,8.0
A,8.0
,4.5
,4.5
A,8.0
,4.5
,4.5
,4.5
,4.5
,4.5
A,8.5
A,9.5
A,9.5
A,10.0
A,10.0
A,10.0
A,10.0
A,8.5
A,8.5
A,8.0
A,8.0
A,8.5
,4.5
A,8.0
A,8.0
A,8.0
A,8.0
A,8.0
A,8.0
A,8.0
A,8.5
A,8.0
A,8.0
A,8.0
A,8.0
A,8.0
A,8.0
A,8.0
A,8.0
A,8.0
A,8.0
A,8.0
A,8.0
A,8.5
A,9.5
A,9.5
A,10.0
A,10.0
A,10.0
A,10.0
A,8.5
A,8.5
A,8.0
A,8.0
A,8.5
,4.5
A,8.0
A,8.0
A,8.0
A,8.0
A,8.0
A,8.0
A,8.0
A,8.5
A,8.0
A,8.0
A,8.0
A,8.0
A,8.0
A,8.0
A,8.0
A,8.0
A,8.0
A,8.0
A,8.0
A,8.0
A,8.5
A,9.5
A,9.5
A,10.0
A,10.0
A,10.0
A,10.0
A,8.5
A,8.5
A,8.0
A,8.0
A,8.5
,4.5
A,8.0
A,8.0
A,8.0
A,8.0
A,8.0
A,8.0
A,8.0
A,8.5
A,8.0
A,8.0
A,8.0
A,8.0
A,8.0
A,8.0
A,8.0
A,8.0
A,8.0
A,8.0
A,8.0
A,8.0
A,8.5
A,9.5
A,9.5
A,10.0
A,10.0
A,10.0
A,10.0
A,8.5
,4.5
,4.5
,4.5
A,8.5
,4.5
,4.5
A,8.0
A,8.0
A,8.0
A,8.0
A,8.0
A,8.0
A,8.5
A,8.0
A,8.0
A,8.0
A,8.0
A,8.0
A,8.0
A,8.0
A,8.0
A,8.0
A,8.0
A,8.0
A,8.0
A,8.5
A,9.5
A,9.5
,4.5
,4.5
A,10.0
A,10.0
A,8.5
,4.5
,4.5
,4.5
A,8.5
,4.5
,4.5
A,8.0
A,8.0
A,8.0
A,8.0
A,8.0
A,8.0
A,8.5
A,8.0
,4.5
A,8.0
A,8.0
A,8.0
A,8.0
A,8.0
A,8.0
A,8.0
A,8.0
A,8.0
A,8.0
A,8.5
A,8.5
A,8.5
,4.5
,4.5
A,10.0
A,10.0
A,8.5
,4.5
,4.5
,4.5
A,8.5
,4.5
,4.5
A,8.0
A,8.0
A,8.0
A,8.0
A,8.0
A,8.0
A,8.5
A,8.0
,4.5
A,8.0
A,8.0
A,8.0
A,8.0
A,8.0
A,8.0
A,8.0
A,8.0
A,8.0
,4.5
A,8.5
A,8.5
A,8.5
,4.5
,4.5
A,10.0
A,10.0
A,12.0
,4.5
,4.5
,4.5
A,9.0
,4.5
,4.5
A,8.0
A,8.0
A,8.0
A,8.0
A,8.0
A,8.0
A,8.5
A,8.0
,4.5
A,8.0
A,8.0
A,8.0
A,8.0
A,8.0
A,8.0
A,8.0
A,8.0
A,8.0
,4.5
A,8.5
A,8.5
A,8.5
,4.5
,4.5
A,10.0
A,10.0
A,9.0
,4.5
,4.5
,4.5
A,9.0
,4.5
,4.5
A,8.0
A,8.0
A,8.0
A,8.0
A,8.0
A,8.0
A,8.5
A,8.0
,4.5
A,8.0
A,8.0
A,8.0
A,8.0
A,8.0
A,8.0
A,8.0
A,8.0
A,8.0
,4.5
A,8.5
A,8.5
A,8.5
,4.5
,4.5
A,10.0
A,10.0
A,9.0
,4.5
,4.5
,4.5
A,9.0
,4.5
,4.5
A,8.0
A,8.0
A,8.0
A,8.0
A,8.0
A,8.0
A,8.5
A,8.0
,4.5
A,8.0
A,8.0
A,8.0
A,8.0
A,8.0
A,8.0
A,8.0
A,8.0
A,8.0
,4.5
A,8.5
A,10.0
A,10.0
,4.5
,4.5
A,10.0
A,10.0
,4.5
,4.5
,4.5
,4.5
A,9.0
,4.5
,4.5
A,8.0
A,8.0
A,8.0
A,8.0
A,8.0
A,8.0
A,8.5
A,8.0
,4.5
A,8.0
A,8.0
A,8.0
A,8.0
A,8.0
A,8.0
A,8.0
A,8.0
A,8.0
,4.5
A,8.5
A,10.0
A,10.0
,4.5
,4.5
A,10.0
A,10.0
,4.5
,4.5
,4.5
,4.5
A,9.0
,4.5
,4.5
A,8.0
A,8.0
A,8.0
A,8.0
A,8.0
A,8.0
A,8.5
A,8.0
,4.5
A,8.0
A,8.0
A,8.0
A,8.0
A,8.0
A,8.0
A,8.0
A,8.0
A,8.0
,4.5
A,8.5
A,10.0
A,10.0
,4.5
,4.5
A,10.0
A,10.0
,4.5
,4.5
,4.5
,4.5
,4.5
,4.5
,4.5
A,8.0
A,8.0
A,8.0
A,8.0
A,8.0
A,8.0
A,8.5
A,8.0
,4.5
A,8.0
A,8.0
A,8.0
A,8.0
A,8.0
A,8.0
A,8.0
A,8.0
A,8.0
,4.5
A,8.5
A,10.0
A,10.0
,4.5
,4.5
A,10.0
A,10.0
,4.5
,4.5
,4.5
,4.5
,4.5
,4.5
,4.5
A,8.0
A,8.0
A,8.0
A,8.0
A,8.0
A,8.0
A,8.5
A,8.0
,4.5
A,8.0
A,8.0
A,8.0
A,8.0
A,8.0
A,8.0
A,8.0
A,8.0
A,8.0
,4.5
A,8.5
A,10.0
A,10.0
,4.5
,4.5
A,10.0
A,10.0
,4.5
,4.5
,4.5
,4.5
,4.5
,4.5
,4.5
A,8.5
A,8.5
A,8.5
A,8.5
A,8.5
A,8.5
A,8.5
A,8.5
,4.5
A,8.5
A,8.5
A,8.5
A,8.5
,4.5
A,8.5
A,8.5
A,8.5
A,8.5
,4.5
A,8.5
A,10.0
A,10.0
,4.5
,4.5
A,10.0
A,10.0
,4.5
,4.5
,4.5
,4.5
,4.5
,4.5
,4.5
A,8.5
A,8.5
A,8.5
A,8.5
A,8.5
A,8.5
A,8.5
A,8.5
,4.5
A,8.5
A,8.5
A,8.5
A,8.5
,4.5
A,8.5
A,8.5
A,8.5
A,8.5
,4.5
A,7.0
BUTTON,8.0
INPUT,9.5
A,8.5
A,8.5
A,8.5
A,8.5
A,8.5
A,8.5
BUTTON,9.5
BUTTON,9.5
BUTTON,9.5
A,8.5
A,8.5
A,8.5
A,8.5
A,8.5
A,8.5
A,8.48943661971831
A,8.5
,4.5
A,8.490066225165563
A,8.490066225165563
A,8.490066225165563
A,8.48943661971831
A,8.490066225165563
A,7.0
BUTTON,8.0
INPUT,9.5
A,8.5
A,8.5
A,8.5
A,8.5
A,8.5
,4.5
BUTTON,9.5
BUTTON,9.5
BUTTON,9.5
A,8.5
A,8.5
A,8.5
A,8.5
A,8.5
A,8.5
A,8.48943661971831
A,8.5
,4.5
A,8.490066225165563
A,8.490066225165563
A,8.490066225165563
A,8.48943661971831
A,8.490066225165563
A,7.0
BUTTON,8.0
INPUT,9.5
A,8.5
A,8.5
A,8.5
A,8.5
A,8.5
,4.5
BUTTON,9.5
BUTTON,9.5
BUTTON,9.5
,4.5
A,8.5
A,8.5
A,8.5
A,8.5
A,8.5
A,8.48943661971831
A,8.5
,4.5
A,8.490066225165563
A,8.490066225165563
A,8.490066225165563
A,8.490066225165563
A,8.490625
A,7.0
BUTTON,8.0
INPUT,9.5
A,8.5
A,8.5
A,8.5
A,8.5
A,8.5
,4.5
BUTTON,9.5
BUTTON,9.5
BUTTON,9.5
,4.5
A,8.5
A,8.5
A,8.5
A,8.5
A,8.5
A,8.5
A,8.5
,4.5
A,8.5
A,8.5
A,8.5
,4.5
A,8.5
A,7.0
,4.5
INPUT,9.5
,4.5
,4.5
,4.5
A,8.5
A,8.5
,4.5
BUTTON,9.5
A,8.5
BUTTON,9.5
,4.5
A,8.5
A,8.5
A,8.5
A,8.5
A,8.5
A,8.5
A,8.5
,4.5
A,8.5
A,8.5
A,8.5
,4.5
A,8.5
A,7.0
,4.5
INPUT,9.5
,4.5
,4.5
,4.5
A,8.5
A,8.5
,4.5
BUTTON,9.5
A,8.5
BUTTON,9.5
,4.5
A,8.5
A,8.5
A,8.5
A,8.5
A,8.5
A,8.5
A,8.5
,4.5
A,8.5
A,8.5
A,8.5
,4.5
A,8.5
A,7.0
,4.5
INPUT,9.5
,4.5
,4.5
,4.5
A,8.5
A,8.5
,4.5
BUTTON,9.5
A,8.5
BUTTON,9.5
,4.5
A,8.5
A,8.5
A,8.5
A,8.5
A,8.5
A,8.5
A,8.5
,4.5
A,8.5
A,8.5
A,8.5
,4.5
A,8.5
A,7.0
,4.5
INPUT,9.5
,4.5
,4.5
,4.5
A,8.5
A,8.5
,4.5
BUTTON,9.5
A,8.5
BUTTON,9.5
,4.5
A,8.5
A,8.5
A,8.5
A,8.5
A,8.5
A,8.5
A,8.5
,4.5
A,8.5
A,8.5
A,8.5
,4.5
A,8.5
A,7.0
,4.5
INPUT,11.0
,4.5
,4.5
,4.5
A,8.5
A,8.5
,4.5
BUTTON,9.5
A,8.5
BUTTON,9.5
,4.5
A,8.5
A,8.5
A,8.5
A,8.5
A,8.5
A,8.5
,4.5
,4.5
,4.5
A,8.5
A,8.5
,4.5
A,8.5
A,7.0
,4.5
INPUT,11.0
,4.5
,4.5
,4.5
A,8.5
A,8.5
,4.5
BUTTON,9.5
A,8.5
BUTTON,9.5
,4.5
,4.5
A,8.5
A,8.5
A,8.5
A,8.5
A,8.5
,4.5
,4.5
A,8.5
A,8.5
A,8.5
,4.5
A,8.5
A,7.0
,4.5
INPUT,11.0
,4.5
,4.5
,4.5
A,8.5
A,8.5
,4.5
BUTTON,9.5
A,8.5
BUTTON,9.5
,4.5
,4.5
A,8.5
A,8.5
A,8.5
A,8.5
A,8.5
,4.5
,4.5
A,8.5
A,8.5
A,8.5
,4.5
A,8.5
A,7.0
,4.5
INPUT,11.0
,4.5
,4.5
,4.5
A,8.5
A,8.5
,4.5
BUTTON,9.5
A,8.5
BUTTON,9.5
,4.5
,4.5
,4.5
,4.5
,4.5
,4.5
,4.5
,4.5
,4.5
,4.5
A,8.5
A,8.5
,4.5
A,8.5
A,7.0
,4.5
INPUT,11.0
,4.5
,4.5
,4.5
A,8.5
,4.5
,4.5
BUTTON,9.5
A,8.5
BUTTON,9.5
,4.5
,4.5
,4.5
,4.5
,4.5
,4.5
,4.5
,4.5
,4.5
,4.5
A,8.5
A,8.5
,4.5
A,8.5
A,7.0
,4.5
INPUT,11.0
,4.5
,4.5
,4.5
A,8.5
,4.5
,4.5
BUTTON,9.5
A,8.5
BUTTON,9.5
,4.5
,4.5
,4.5
,4.5
,4.5
,4.5
,4.5
,4.5
,4.5
,4.5
A,8.5
A,8.5
,4.5
A,8.5
A,7.0
,4.5
,4.5
,4.5
,4.5
,4.5
A,10.0
,4.5
,4.5
,4.5
,4.5
,4.5
,4.5
,4.5
,4.5
,4.5
,4.5
,4.5
,4.5
,4.5
,4.5
,4.5
,4.5
,4.5
,4.5
,4.5
A,8.0
A,10.0
A,8.0
A,7.0
A,10.0
A,8.5
A,8.5
A,10.0
A,10.0
A,8.5
A,8.5
INPUT,11.0
BUTTON,8.0
A,8.0
A,8.5
A,8.0
A,8.5
A,8.5
A,8.0
A,8.5
A,8.5
A,8.0
A,8.5
A,8.5
A,8.0
A,8.5
A,8.5
A,8.0
A,8.5
A,8.5
A,8.0
A,8.0
A,8.5
A,6.5
A,8.5
A,8.5
A,8.5
A,8.0
A,8.0
A,8.0
A,8.0
A,8.0
A,8.0
A,8.0
A,8.0
A,8.0
A,8.5
A,8.0
A,8.0
A,8.0
A,8.0
A,8.0
A,8.0
A,8.5
A,8.5
A,8.5
A,8.5
A,8.5
A,8.5
A,8.5
A,8.0
A,8.0
A,8.0
A,10.0
A,8.0
A,7.0
A,10.0
A,8.5
A,8.5
A,10.0
A,10.0
A,8.5
A,8.5
INPUT,11.0
BUTTON,8.0
A,8.0
A,8.5
A,8.0
A,8.5
A,8.5
A,8.0
A,8.5
A,8.5
A,8.0
A,8.5
A,8.5
A,8.0
A,8.5
A,8.5
,4.5
,4.5
,4.5
,4.5
,4.5
,4.5
A,6.5
A,8.5
A,8.5
A,8.5
A,8.0
A,8.0
A,8.0
A,8.0
A,8.0
A,8.0
A,8.0
A,8.0
A,8.0
A,8.5
A,8.0
A,8.0
A,8.0
A,8.0
A,8.0
A,8.0
A,8.5
A,8.5
A,8.5
A,8.5
A,8.5
A,8.5
A,8.5
A,8.0
A,8.0
A,8.0
A,10.0
A,8.0
A,7.0
A,10.0
A,8.5
A,8.5
A,10.0
A,10.0
A,8.5
A,8.5
INPUT,11.0
BUTTON,8.0
A,8.0
A,8.5
A,8.0
A,8.5
A,8.5
A,8.0
A,8.5
A,8.5
A,8.0
A,8.5
A,8.5
A,8.0
A,8.5
A,8.5
,4.5
,4.5
,4.5
,4.5
,4.5
,4.5
A,6.5
A,8.5
A,8.5
A,8.5
A,8.0
A,8.0
A,8.0
A,8.0
A,8.0
A,8.0
A,8.0
A,8.0
A,8.0
A,8.5
A,8.0
A,8.0
A,8.0
A,8.0
A,8.0
A,8.0
A,8.5
A,8.5
A,8.5
A,8.5
A,8.5
A,8.5
A,8.5
A,8.0
A,8.0
A,8.0
A,10.0
A,8.0
A,7.0
A,10.0
A,8.5
A,8.5
A,10.0
A,10.0
A,8.5
A,8.5
INPUT,11.0
BUTTON,8.0
A,8.0
A,8.5
A,8.0
A,8.5
A,8.5
A,8.0
A,8.5
A,8.5
A,8.0
A,8.5
A,8.5
A,8.0
A,8.5
A,8.5
,4.5
,4.5
,4.5
,4.5
,4.5
,4.5
A,6.5
A,8.5
A,8.5
A,8.5
A,8.0
A,8.0
A,8.0
A,8.0
A,8.0
A,8.0
A,8.0
A,8.0
A,8.0
A,8.5
A,8.0
A,8.0
A,8.0
A,8.0
A,8.0
A,8.0
A,8.5
A,8.5
A,8.5
A,8.5
A,8.5
A,8.5
A,8.5
A,8.0
A,8.0
A,8.0
A,10.0
A,8.0
A,7.0
A,10.0
A,8.5
A,8.5
A,10.0
A,10.0
A,8.5
A,8.5
INPUT,11.0
BUTTON,8.0
A,8.0
A,8.5
A,8.0
A,8.5
A,8.5
A,8.0
A,8.5
A,8.5
A,8.0
A,8.5
A,8.5
,4.5
A,8.5
A,8.5
,4.5
,4.5
,4.5
,4.5
,4.5
,4.5
A,6.5
A,8.5
A,8.5
A,8.5
A,8.0
A,8.0
A,8.0
A,8.0
A,8.0
A,8.0
A,8.0
A,8.0
A,8.0
A,8.5
A,8.0
A,8.0
A,8.0
A,8.0
A,8.0
A,8.0
A,8.5
A,8.5
A,8.5
A,8.5
A,8.5
A,8.5
A,8.5
A,8.0
A,8.0
A,8.0
A,10.0
A,8.0
A,7.0
A,10.0
A,8.5
A,8.5
A,10.0
A,10.0
A,8.5
A,8.5
INPUT,11.0
BUTTON,8.0
A,8.0
A,8.5
A,8.0
A,8.5
A,8.5
A,8.0
A,8.5
A,8.5
A,8.0
A,8.5
A,8.5
,4.5
,4.5
,4.5
,4.5
,4.5
,4.5
,4.5
,4.5
,4.5
A,6.5
A,8.5
A,8.5
A,8.5
A,8.0
A,8.0
A,8.0
A,8.0
A,8.0
A,8.0
A,8.0
A,8.0
A,8.0
A,8.5
A,8.0
A,8.0
A,8.0
A,8.0
A,8.0
A,8.0
A,8.5
A,8.5
A,8.5
A,8.5
A,8.5
A,8.5
A,8.5
A,8.0
A,8.0
A,8.0
A,10.0
A,8.0
A,7.0
A,10.0
A,8.5
A,8.5
A,10.0
A,10.0
A,8.5
A,8.5
INPUT,11.0
BUTTON,8.0
A,8.0
A,8.5
A,8.0
A,8.5
A,8.5
A,8.0
A,8.5
A,8.5
A,8.0
A,8.5
A,8.5
,4.5
,4.5
,4.5
,4.5
,4.5
,4.5
,4.5
,4.5
,4.5
A,6.5
A,8.5
A,8.5
A,8.5
A,8.0
A,8.0
A,8.0
A,8.0
A,8.0
A,8.0
A,8.0
A,8.0
A,8.0
A,8.5
A,8.0
A,8.0
A,8.0
A,8.0
A,8.0
A,8.0
A,8.5
A,8.5
A,8.5
A,8.5
A,8.5
A,8.5
A,8.5
A,8.0
A,8.0
A,8.0
A,10.0
A,8.0
A,7.0
A,10.0
A,8.5
A,8.5
A,10.0
A,10.0
A,8.5
A,8.5
,4.5
,4.5
,4.5
,4.5
,4.5
,4.5
,4.5
,4.5
,4.5
,4.5
,4.5
,4.5
,4.5
,4.5
,4.5
,4.5
,4.5
,4.5
,4.5
,4.5
,4.5
,4.5
A,7.0
,4.5
A,8.5
A,8.5
A,8.0
A,8.0
A,8.0
A,8.0
A,8.0
A,8.0
A,8.0
A,8.0
A,8.0
A,8.5
A,8.0
A,8.0
A,8.0
A,8.0
A,8.0
A,8.0
A,8.5
A,8.5
SPAN,8.0
SPAN,8.0
SPAN,8.0
SPAN,8.0
SPAN,8.0
A,8.0
A,8.0
A,8.0
A,10.0
A,8.0
A,7.0
A,10.0
A,8.5
A,8.5
A,10.0
A,10.0
A,8.5
A,8.5
,4.5
,4.5
,4.5
,4.5
,4.5
,4.5
,4.5
,4.5
,4.5
,4.5
,4.5
,4.5
,4.5
,4.5
,4.5
,4.5
,4.5
,4.5
,4.5
,4.5
,4.5
,4.5
A,7.0
,4.5
A,8.5
A,8.5
A,8.0
A,8.0
A,8.0
A,8.0
A,8.0
A,8.0
A,8.0
A,8.0
A,8.0
A,8.5
A,8.0
A,8.0
A,8.0
A,8.0
A,8.0
A,8.0
A,8.5
A,8.5
SPAN,8.0
SPAN,8.0
SPAN,8.0
SPAN,8.0
SPAN,8.0
A,8.0
A,8.0
A,8.0
A,10.0
A,8.0
A,7.0
A,10.0
A,8.5
A,8.5
A,10.0
A,10.0
A,8.5
A,8.5
,4.5
,4.5
,4.5
,4.5
,4.5
,4.5
,4.5
,4.5
,4.5
,4.5
,4.5
,4.5
,4.5
,4.5
,4.5
,4.5
,4.5
,4.5
,4.5
,4.5
,4.5
,4.5
A,7.0
,4.5
A,8.5
A,8.5
A,8.0
A,8.0
A,8.0
A,8.0
A,8.0
A,8.0
A,8.0
A,8.0
A,8.0
A,8.5
A,8.0
A,8.0
A,8.0
A,8.0
A,8.0
A,8.0
A,8.5
A,8.5
SPAN,8.0
SPAN,8.0
SPAN,8.0
SPAN,8.0
SPAN,8.0
A,8.0
A,8.0
A,8.0
A,10.0
A,8.0
A,7.0
A,10.0
A,8.5
A,8.5
A,10.0
A,10.0
A,8.5
A,8.5
,4.5
,4.5
,4.5
,4.5
,4.5
,4.5
,4.5
,4.5
,4.5
,4.5
,4.5
,4.5
,4.5
,4.5
,4.5
,4.5
,4.5
,4.5
,4.5
,4.5
,4.5
,4.5
A,7.0
,4.5
A,8.5
A,8.5
A,8.0
A,8.0
A,8.0
A,8.0
A,8.0
A,8.0
A,8.0
A,8.0
A,8.0
A,8.5
A,8.0
A,8.0
A,8.0
A,8.0
A,8.0
A,8.0
A,8.5
A,8.5
SPAN,8.0
SPAN,8.0
SPAN,8.0
SPAN,8.0
SPAN,8.0
A,8.0
A,8.0
A,8.0
A,10.0
A,8.0
A,7.0
A,10.0
A,8.5
A,8.5
A,10.0
A,10.0
A,8.5
A,8.5
,4.5
,4.5
,4.5
,4.5
,4.5
,4.5
,4.5
,4.5
,4.5
,4.5
,4.5
,4.5
,4.5
,4.5
,4.5
,4.5
,4.5
,4.5
,4.5
,4.5
,4.5
,4.5
A,7.0
,4.5
A,8.5
A,8.5
A,8.0
A,8.0
A,8.0
A,8.0
A,8.0
A,8.0
A,8.0
A,8.0
A,8.0
A,8.5
A,8.0
A,8.0
A,8.0
A,8.0
A,8.0
A,8.0
A,8.5
A,8.5
SPAN,8.0
SPAN,8.0
SPAN,8.0
SPAN,8.0
SPAN,8.0
A,8.0
A,8.0
A,8.0
LI,9.5
A,8.0
A,7.0
LI,9.5
A,8.5
A,8.5
A,8.0
BUTTON,9.0
A,8.0
A,8.5
,4.5
,4.5
,4.5
,4.5
,4.5
,4.5
,4.5
,4.5
,4.5
,4.5
,4.5
,4.5
,4.5
,4.5
,4.5
,4.5
,4.5
,4.5
,4.5
,4.5
,4.5
,4.5
,4.5
,4.5
,4.5
,4.5
A,8.0
A,8.0
A,8.0
A,8.0
A,8.0
A,8.0
A,8.0
A,8.0
A,8.0
A,8.5
A,8.0
A,8.0
A,8.0
A,8.0
A,8.0
A,8.0
A,8.5
A,8.5
SPAN,8.0
SPAN,8.0
SPAN,8.0
SPAN,8.0
SPAN,8.0
A,8.0
A,8.0
A,8.0
LI,9.5
A,8.0
A,7.0
LI,9.5
A,8.5
A,8.5
A,8.0
BUTTON,9.5
A,8.0
A,8.5
,4.5
,4.5
,4.5
,4.5
,4.5
,4.5
,4.5
,4.5
,4.5
,4.5
,4.5
,4.5
,4.5
,4.5
,4.5
,4.5
,4.5
,4.5
,4.5
,4.5
,4.5
,4.5
,4.5
,4.5
,4.5
,4.5
A,8.0
A,8.0
A,8.0
A,8.0
A,8.0
A,8.0
A,8.0
A,8.0
A,8.0
A,8.5
A,8.0
A,8.0
A,8.0
A,8.0
A,8.0
A,8.0
A,8.5
A,8.5
SPAN,8.0
SPAN,8.0
SPAN,8.0
SPAN,8.0
SPAN,8.0
A,8.0
A,8.0
A,8.0
LI,9.5
A,8.0
A,7.0
LI,9.5
A,8.5
A,8.5
A,8.0
BUTTON,9.5
A,8.0
A,8.5
,4.5
,4.5
,4.5
,4.5
,4.5
,4.5
,4.5
,4.5
,4.5
,4.5
,4.5
,4.5
,4.5
,4.5
,4.5
,4.5
,4.5
,4.5
,4.5
,4.5
,4.5
,4.5
,4.5
,4.5
,4.5
,4.5
A,8.0
A,8.0
A,8.0
A,8.0
A,8.0
A,8.0
A,8.0
A,8.0
A,8.0
A,8.5
A,8.0
A,8.0
A,8.0
A,8.0
A,8.0
A,8.0
A,8.5
A,8.5
SPAN,8.0
SPAN,8.0
SPAN,8.0
SPAN,8.0
SPAN,8.0
A,8.0
A,8.0
A,7.0
INPUT,8.0
BUTTON,8.0
A,7.0
BUTTON,8.0
A,8.5
A,8.5
A,8.5
A,8.5
A,8.5
A,8.5
A,8.5
BUTTON,8.0
DIV,6.5
A,8.0
A,8.0
A,8.0
A,8.0
A,8.0
A,8.0
A,8.0
A,8.0
A,8.0
A,8.0
A,8.0
A,8.0
A,7.0
INPUT,8.0
BUTTON,8.0
,4.5
BUTTON,8.0
A,8.5
A,8.5
A,8.5
A,8.5
A,8.5
A,8.5
A,8.5
BUTTON,8.0
DIV,6.5
A,8.0
A,8.0
A,8.0
A,8.0
A,8.0
,4.5
A,8.0
A,8.0
A,8.0
A,8.0
A,8.0
A,8.0
A,7.0
INPUT,8.0
BUTTON,8.0
,4.5
BUTTON,8.0
A,8.5
A,8.5
A,8.5
A,8.5
A,8.5
A,8.5
A,8.5
BUTTON,8.0
DIV,6.5
A,8.0
A,8.0
A,8.0
A,8.0
A,8.0
,4.5
A,8.0
A,8.0
A,8.0
A,8.0
A,8.0
A,8.0
A,7.0
INPUT,8.0
BUTTON,8.0
,4.5
BUTTON,8.0
A,8.5
A,8.5
A,8.5
A,8.5
A,8.5
A,8.5
A,8.5
BUTTON,8.0
DIV,6.5
A,8.0
A,8.0
A,8.0
A,8.0
A,8.0
,4.5
A,8.0
A,8.0
A,8.0
A,8.0
A,8.0
A,8.0
A,7.0
INPUT,8.0
BUTTON,8.0
,4.5
BUTTON,8.0
A,8.5
A,8.5
,4.5
A,8.5
A,8.5
A,8.5
A,8.5
BUTTON,8.0
,4.5
A,8.5
A,8.5
A,8.5
A,8.5
A,8.5
,4.5
A,8.5
A,8.5
A,8.5
A,8.5
A,8.5
A,8.5
A,7.0
INPUT,9.5
BUTTON,8.0
,4.5
BUTTON,8.0
A,8.5
A,8.5
,4.5
A,8.5
A,8.5
A,8.5
A,8.5
BUTTON,8.0
,4.5
A,8.5
A,8.5
A,8.5
A,8.5
A,8.5
,4.5
A,8.5
A,8.5
A,8.5
,4.5
A,8.5
,4.5
A,7.0
INPUT,9.5
BUTTON,8.0
,4.5
BUTTON,8.0
A,8.5
A,8.5
,4.5
A,8.5
A,8.5
A,8.5
A,8.5
BUTTON,8.0
,4.5
A,8.5
A,8.5
,4.5
A,8.5
A,8.5
,4.5
A,8.5
A,8.5
A,8.5
,4.5
A,8.5
,4.5
A,7.0
INPUT,9.5
BUTTON,8.0
,4.5
BUTTON,8.0
A,8.5
A,8.5
,4.5
A,8.5
A,8.5
A,8.5
A,8.5
BUTTON,8.0
,4.5
A,8.5
A,8.5
,4.5
A,8.5
A,8.5
,4.5
A,8.5
A,8.5
A,8.5
,4.5
A,8.5
,4.5
A,7.0
INPUT,9.5
BUTTON,8.0
,4.5
BUTTON,8.0
A,8.5
A,8.5
,4.5
A,8.5
A,8.5
A,8.5
A,8.5
BUTTON,8.0
,4.5
A,8.5
A,8.5
,4.5
A,8.5
A,8.5
,4.5
A,8.5
A,8.5
A,8.5
,4.5
A,8.5
,4.5
A,7.0
INPUT,9.5
BUTTON,8.0
,4.5
BUTTON,8.0
A,8.5
A,8.5
,4.5
A,8.5
A,8.5
A,8.5
A,8.5
BUTTON,8.0
,4.5
A,8.5
A,8.5
,4.5
A,8.5
A,8.5
,4.5
A,8.5
A,8.5
A,8.5
,4.5
A,8.5
,4.5
A,7.0
INPUT,9.5
BUTTON,8.0
,4.5
BUTTON,8.0
A,8.5
A,8.5
,4.5
A,8.5
A,8.5
A,8.5
A,8.5
BUTTON,8.0
,4.5
A,8.5
A,8.5
,4.5
A,8.5
A,8.5
,4.5
A,8.5
A,8.5
A,8.5
,4.5
A,8.5
,4.5
A,7.0
INPUT,9.5
BUTTON,8.0
,4.5
BUTTON,8.0
A,8.5
A,8.5
,4.5
A,8.5
A,8.5
A,8.5
A,8.5
BUTTON,8.0
,4.5
A,8.5
A,8.5
,4.5
A,8.5
A,8.5
,4.5
A,8.5
A,8.5
A,8.5
,4.5
A,8.5
,4.5
A,7.0
INPUT,9.5
BUTTON,8.0
,4.5
BUTTON,8.0
A,8.5
A,8.5
,4.5
A,8.5
A,8.5
A,8.5
A,8.5
BUTTON,8.0
,4.5
A,8.5
A,8.5
,4.5
A,8.5
A,8.5
,4.5
A,8.5
A,8.5
A,8.5
,4.5
A,8.5
,4.5
A,7.0
INPUT,9.5
BUTTON,8.0
,4.5
BUTTON,8.0
A,8.5
A,8.5
,4.5
A,8.5
A,8.5
A,8.5
A,8.5
BUTTON,8.0
,4.5
A,8.5
A,8.5
,4.5
A,8.5
A,8.5
,4.5
A,8.5
A,8.5
A,8.5
,4.5
A,8.5
,4.5
A,7.0
INPUT,9.5
BUTTON,8.0
,4.5
BUTTON,8.0
A,8.5
A,8.5
,4.5
A,8.5
A,8.5
A,8.5
A,8.5
BUTTON,8.0
,4.5
A,8.5
A,8.5
,4.5
A,8.5
A,8.5
,4.5
A,8.5
A,8.5
A,8.5
,4.5
A,8.5
,4.5
A,7.0
A,8.5
A,8.5
A,8.5
A,8.5
A,8.5
,4.5
A,8.0
A,8.5
A,8.5
A,8.5
A,8.5
A,8.0
A,8.0
A,8.0
A,8.0
INPUT,6.5
BUTTON,8.0
A,8.5
A,8.0
A,8.0
A,8.0
A,8.0
A,8.0
A,8.0
A,8.0
A,8.0
A,8.0
A,8.0
A,8.0
A,8.0
A,8.5
A,8.5
A,8.5
A,8.5
A,8.5
A,8.5
A,8.5
A,8.5
A,8.5
A,8.5
A,8.5
A,8.5
A,8.5
A,8.5
A,8.5
A,8.5
A,8.5
A,7.0
A,7.0
A,7.0
A,7.0
A,8.5
A,8.5
A,8.5
,4.5
A,8.5
,4.5
,4.5
A,8.5
A,8.5
A,8.5
A,8.5
,4.5
,4.5
,4.5
,4.5
INPUT,8.0
,4.5
,4.5
,4.5
,4.5
,4.5
,4.5
,4.5
,4.5
,4.5
,4.5
,4.5
,4.5
,4.5
,4.5
,4.5
,4.5
,4.5
,4.5
,4.5
,4.5
A,8.5
A,8.5
A,8.5
A,8.5
A,8.5
A,8.5
A,8.5
A,8.5
A,8.5
,4.5
A,8.5
A,7.0
A,7.0
,4.5
A,7.0
A,8.5
A,8.5
A,8.5
,4.5
A,8.5
,4.5
,4.5
A,8.5
A,8.5
A,8.5
A,8.5
,4.5
,4.5
,4.5
,4.5
INPUT,8.0
,4.5
,4.5
,4.5
,4.5
,4.5
,4.5
,4.5
,4.5
,4.5
,4.5
,4.5
,4.5
,4.5
,4.5
,4.5
,4.5
,4.5
,4.5
,4.5
,4.5
A,8.0
A,8.0
A,8.0
A,8.0
A,8.0
A,8.0
A,8.0
A,8.0
A,8.0
,4.5
A,8.0
A,7.0
A,7.0
,4.5
A,7.0
A,8.5
A,8.5
A,8.5
,4.5
A,8.5
,4.5
,4.5
A,8.5
A,8.5
A,8.5
A,8.5
,4.5
,4.5
,4.5
,4.5
INPUT,8.0
,4.5
,4.5
,4.5
,4.5
,4.5
,4.5
,4.5
,4.5
,4.5
,4.5
,4.5
,4.5
,4.5
,4.5
,4.5
,4.5
,4.5
,4.5
,4.5
,4.5
A,8.0
A,8.0
A,8.0
A,8.0
A,8.0
A,8.0
A,8.0
,4.5
A,8.0
,4.5
A,8.0
A,7.0
A,7.0
,4.5
A,7.0
A,8.5
A,8.5
A,8.5
,4.5
A,8.5
,4.5
,4.5
A,8.5
A,8.5
A,8.5
A,8.5
,4.5
,4.5
,4.5
,4.5
INPUT,8.0
,4.5
,4.5
,4.5
,4.5
,4.5
,4.5
,4.5
,4.5
,4.5
,4.5
,4.5
,4.5
,4.5
,4.5
,4.5
,4.5
,4.5
,4.5
,4.5
,4.5
A,8.0
A,8.0
A,8.0
A,8.0
A,8.0
A,8.0
A,7.97887323943662
,4.5
A,8.0
,4.5
A,8.0
A,8.5
A,8.5
,4.5
A,7.0
A,8.5
A,8.5
A,8.5
,4.5
A,8.5
,4.5
,4.5
A,8.5
A,8.5
A,8.5
,4.5
,4.5
,4.5
,4.5
,4.5
INPUT,8.0
,4.5
,4.5
,4.5
,4.5
,4.5
,4.5
,4.5
,4.5
,4.5
,4.5
,4.5
,4.5
,4.5
,4.5
,4.5
,4.5
,4.5
,4.5
,4.5
,4.5
A,8.0
A,8.0
A,8.0
A,8.0
A,8.0
A,8.0
A,7.984999999999999
,4.5
A,8.0
,4.5
A,8.0
A,8.5
A,8.5
,4.5
A,7.0
A,8.5
A,8.5
A,8.5
,4.5
A,8.5
,4.5
,4.5
A,8.5
A,8.5
A,8.5
,4.5
,4.5
,4.5
,4.5
,4.5
INPUT,8.0
,4.5
,4.5
,4.5
,4.5
,4.5
,4.5
,4.5
,4.5
,4.5
,4.5
,4.5
,4.5
,4.5
,4.5
,4.5
,4.5
,4.5
,4.5
,4.5
,4.5
A,8.0
A,8.0
A,8.0
A,8.0
A,8.0
A,8.0
A,7.984210526315789
,4.5
A,8.0
,4.5
A,8.0
A,8.5
A,8.5
,4.5
A,7.0
A,8.5
A,8.5
A,8.5
,4.5
A,8.5
,4.5
,4.5
A,8.5
A,8.5
A,8.5
,4.5
,4.5
,4.5
,4.5
,4.5
INPUT,8.0
,4.5
,4.5
,4.5
,4.5
,4.5
,4.5
,4.5
,4.5
,4.5
,4.5
,4.5
,4.5
,4.5
,4.5
,4.5
,4.5
,4.5
,4.5
,4.5
,4.5
A,8.0
A,8.0
A,8.0
A,8.0
A,8.0
A,8.0
A,7.984210526315789
,4.5
A,8.0
,4.5
A,8.0
A,8.5
A,8.5
,4.5
A,7.0
A,8.5
A,8.5
A,8.5
,4.5
A,8.5
,4.5
,4.5
A,8.5
A,8.5
A,8.5
,4.5
,4.5
,4.5
,4.5
,4.5
INPUT,8.0
,4.5
,4.5
,4.5
,4.5
,4.5
,4.5
,4.5
,4.5
,4.5
,4.5
,4.5
,4.5
,4.5
,4.5
,4.5
,4.5
,4.5
,4.5
,4.5
,4.5
A,8.5
A,8.5
A,8.5
A,8.5
A,8.5
A,8.5
A,8.5
,4.5
A,8.5
,4.5
A,8.5
A,8.5
A,8.5
,4.5
A,7.0
A,8.5
A,8.5
A,8.5
,4.5
A,8.5
,4.5
,4.5
A,8.5
A,8.5
A,8.5
,4.5
,4.5
,4.5
,4.5
,4.5
INPUT,8.0
,4.5
,4.5
,4.5
,4.5
,4.5
,4.5
,4.5
,4.5
,4.5
,4.5
,4.5
,4.5
,4.5
,4.5
,4.5
,4.5
,4.5
,4.5
,4.5
,4.5
A,8.5
A,8.5
A,8.5
A,8.5
A,8.5
A,8.5
A,8.5
,4.5
A,8.5
,4.5
A,8.5
A,8.5
A,8.5
,4.5
A,7.0
A,8.5
A,8.5
A,8.5
,4.5
A,8.5
,4.5
,4.5
A,8.5
A,8.5
A,8.5
,4.5
,4.5
,4.5
,4.5
,4.5
INPUT,8.0
,4.5
,4.5
,4.5
,4.5
,4.5
,4.5
,4.5
,4.5
,4.5
,4.5
,4.5
,4.5
,4.5
,4.5
,4.5
,4.5
,4.5
,4.5
,4.5
,4.5
A,8.5
A,8.5
A,8.5
A,8.5
A,8.5
A,8.5
A,8.5
,4.5
A,8.5
,4.5
A,8.5
A,8.5
A,8.5
,4.5
A,7.0
A,8.5
A,8.5
A,8.5
,4.5
A,8.5
,4.5
,4.5
A,8.5
A,8.5
A,8.5
,4.5
,4.5
,4.5
,4.5
,4.5
INPUT,8.0
,4.5
,4.5
,4.5
,4.5
,4.5
,4.5
,4.5
,4.5
,4.5
,4.5
,4.5
,4.5
,4.5
,4.5
,4.5
,4.5
,4.5
,4.5
,4.5
,4.5
A,8.5
A,8.5
A,8.5
A,8.5
A,8.5
A,8.5
A,8.5
,4.5
A,8.5
,4.5
A,8.5
A,8.5
A,8.5
,4.5
A,7.0
A,8.5
A,8.5
A,8.5
,4.5
A,8.5
,4.5
,4.5
A,8.5
A,8.5
A,8.5
,4.5
,4.5
,4.5
,4.5
,4.5
INPUT,8.0
,4.5
,4.5
,4.5
,4.5
,4.5
,4.5
,4.5
,4.5
,4.5
,4.5
,4.5
,4.5
,4.5
,4.5
,4.5
,4.5
,4.5
,4.5
,4.5
,4.5
A,8.5
A,8.5
A,8.5
A,8.5
A,8.5
A,8.5
A,8.5
,4.5
A,8.5
,4.5
A,8.5
A,8.5
A,8.5
,4.5
A,7.0
A,8.5
A,8.5
A,8.5
,4.5
A,8.5
,4.5
,4.5
A,8.5
A,8.5
A,8.5
,4.5
,4.5
,4.5
,4.5
,4.5
INPUT,8.0
,4.5
,4.5
,4.5
,4.5
,4.5
,4.5
,4.5
,4.5
,4.5
,4.5
,4.5
,4.5
,4.5
,4.5
,4.5
,4.5
,4.5
,4.5
,4.5
,4.5
A,8.5
A,8.5
A,8.5
A,8.5
A,8.5
A,8.5
A,8.5
,4.5
A,8.5
,4.5
A,8.5
A,8.5
A,8.5
,4.5
A,7.0
A,8.5
A,8.5
A,8.5
,4.5
A,8.5
,4.5
,4.5
A,8.5
A,8.5
A,8.5
,4.5
,4.5
,4.5
,4.5
,4.5
INPUT,8.0
,4.5
,4.5
,4.5
,4.5
,4.5
,4.5
,4.5
,4.5
,4.5
,4.5
,4.5
,4.5
,4.5
,4.5
,4.5
,4.5
,4.5
,4.5
,4.5
,4.5
A,8.5
A,8.5
A,8.5
A,8.5
A,8.5
A,8.5
A,8.5
,4.5
A,8.5
,4.5
A,8.5
A,8.5
A,8.5
,4.5
A,7.0
A,9.5
A,9.5
A,9.5
A,8.5
A,8.5
A,8.0
A,8.0
A,8.0
A,8.0
A,9.5
A,8.0
A,8.0
A,8.0
A,8.0
A,8.0
A,8.0
A,7.0
A,7.0
A,7.0
A,7.0
A,7.0
,4.5
,4.5
,4.5
A,5.5
A,5.5
,4.5
,4.5
,4.5
,4.5
,4.5
,4.5
,4.5
,4.5
,4.5
,4.5
,4.5
,4.5
,4.5
,4.5
,4.5
A,7.0
,4.5
,4.5
,4.5
A,5.5
A,5.5
,4.5
,4.5
,4.5
,4.5
,4.5
,4.5
,4.5
,4.5
,4.5
,4.5
,4.5
,4.5
,4.5
,4.5
,4.5
A,7.0
,4.5
,4.5
,4.5
A,6.5
A,6.5
,4.5
,4.5
,4.5
,4.5
,4.5
,4.5
,4.5
,4.5
,4.5
,4.5
,4.5
,4.5
,4.5
,4.5
,4.5
A,7.0
,4.5
,4.5
,4.5
A,7.0
A,7.0
,4.5
,4.5
,4.5
,4.5
,4.5
,4.5
,4.5
,4.5
,4.5
,4.5
,4.5
,4.5
,4.5
,4.5
,4.5
A,7.0
,4.5
,4.5
,4.5
A,7.0
A,7.0
,4.5
,4.5
,4.5
,4.5
,4.5
,4.5
,4.5
,4.5
,4.5
,4.5
,4.5
,4.5
,4.5
,4.5
,4.5
A,7.0
,4.5
,4.5
,4.5
,4.5
,4.5
,4.5
,4.5
,4.5
,4.5
,4.5
,4.5
,4.5
,4.5
,4.5
,4.5
,4.5
,4.5
,4.5
,4.5
,4.5
A,7.0
,4.5
,4.5
,4.5
,4.5
,4.5
,4.5
,4.5
,4.5
,4.5
,4.5
,4.5
,4.5
,4.5
,4.5
,4.5
,4.5
,4.5
,4.5
,4.5
,4.5
A,7.0
,4.5
,4.5
,4.5
,4.5
,4.5
,4.5
,4.5
,4.5
,4.5
,4.5
,4.5
,4.5
,4.5
,4.5
,4.5
,4.5
,4.5
,4.5
,4.5
,4.5
A,8.5
,4.5
,4.5
,4.5
,4.5
,4.5
,4.5
,4.5
,4.5
,4.5
,4.5
,4.5
,4.5
,4.5
,4.5
,4.5
,4.5
,4.5
,4.5
,4.5
,4.5
A,8.5
,4.5
,4.5
,4.5
,4.5
,4.5
,4.5
,4.5
,4.5
,4.5
,4.5
,4.5
,4.5
,4.5
,4.5
,4.5
,4.5
,4.5
,4.5
,4.5
,4.5
A,8.5
,4.5
,4.5
,4.5
,4.5
,4.5
,4.5
,4.5
,4.5
,4.5
,4.5
,4.5
,4.5
,4.5
,4.5
,4.5
,4.5
,4.5
,4.5
,4.5
,4.5
A,8.5
,4.5
,4.5
,4.5
,4.5
,4.5
,4.5
,4.5
,4.5
,4.5
,4.5
,4.5
,4.5
,4.5
,4.5
,4.5
,4.5
,4.5
,4.5
,4.5
,4.5
A,8.5
,4.5
,4.5
,4.5
,4.5
,4.5
,4.5
,4.5
,4.5
,4.5
,4.5
,4.5
,4.5
,4.5
,4.5
,4.5
,4.5
,4.5
,4.5
,4.5
,4.5
A,8.5
,4.5
,4.5
,4.5
,4.5
,4.5
,4.5
,4.5
,4.5
,4.5
,4.5
,4.5
,4.5
,4.5
,4.5
,4.5
,4.5
,4.5
,4.5
,4.5
,4.5
A,8.0
A,8.0
A,8.0
A,8.0
A,8.0
INPUT,11.0
INPUT,8.0
INPUT,7.958333333333334
A,10.992462311557789
INPUT,8.944444444444445
INPUT,9.0
BUTTON,9.0
A,11.0
A,8.5
A,8.5
A,8.5
A,8.5
A,8.5
A,11.0
A,11.0
A,11.0
A,11.0
A,11.0
A,11.0
A,11.0
INPUT,9.5
INPUT,9.5
INPUT,9.5
A,9.5
A,11.0
A,11.0
A,11.0
A,11.0
A,11.0
A,11.0
A,11.0
A,11.0
A,11.0
A,11.0
A,11.0
A,11.0
A,11.0
A,11.0
A,11.0
A,11.0
A,11.0
A,11.0
INPUT,9.479452054794521
INPUT,7.946428571428571
A,10.98
A,10.981927710843374
A,10.977611940298507
A,10.977611940298507
A,10.955882352941176
A,8.0
A,8.0
A,8.0
A,8.0
A,8.0
INPUT,11.0
INPUT,8.0
INPUT,7.958333333333334
A,10.992462311557789
INPUT,8.944444444444445
INPUT,9.0
BUTTON,9.0
A,11.0
A,8.5
A,8.5
A,8.5
A,8.5
A,8.5
A,11.0
A,11.0
A,11.0
A,11.0
A,11.0
A,11.0
A,11.0
INPUT,9.5
INPUT,9.5
INPUT,9.5
A,9.5
A,11.0
A,11.0
A,11.0
A,11.0
A,11.0
A,11.0
A,11.0
A,11.0
A,11.0
A,11.0
A,11.0
A,11.0
A,11.0
A,11.0
A,11.0
A,11.0
A,11.0
A,11.0
INPUT,9.481481481481481
INPUT,7.958333333333334
A,10.975
A,10.977941176470589
A,10.977611940298507
,4.5
A,10.98
A,8.0
A,8.0
A,8.0
A,8.0
A,8.0
INPUT,11.0
INPUT,8.0
,4.5
A,10.992462311557789
INPUT,8.958333333333334
INPUT,9.0
BUTTON,9.0
A,11.0
A,8.5
A,8.5
A,8.5
A,8.5
A,8.5
A,11.0
A,11.0
A,11.0
A,11.0
A,11.0
A,11.0
A,11.0
INPUT,9.5
INPUT,9.5
INPUT,9.5
A,9.5
A,11.0
A,11.0
A,11.0
A,11.0
A,11.0
A,11.0
A,11.0
A,11.0
A,11.0
A,11.0
A,11.0
A,11.0
A,11.0
A,11.0
A,11.0
A,11.0
A,11.0
A,11.0
INPUT,9.481481481481481
INPUT,7.958333333333334
A,10.975
A,10.977941176470589
A,10.977611940298507
,4.5
A,10.98
A,8.0
A,8.0
A,8.0
A,8.0
A,8.0
INPUT,11.0
INPUT,8.0
,4.5
A,10.99469964664311
INPUT,8.944444444444445
INPUT,9.0
BUTTON,9.0
A,11.0
A,8.5
A,8.5
A,8.5
A,8.5
A,8.5
A,11.0
A,11.0
A,11.0
A,11.0
A,11.0
A,11.0
A,11.0
INPUT,9.5
INPUT,9.5
INPUT,9.5
A,9.5
A,11.0
A,11.0
A,11.0
A,11.0
A,11.0
A,11.0
A,11.0
A,11.0
A,11.0
A,11.0
A,11.0
A,11.0
A,11.0
A,11.0
A,11.0
A,11.0
A,11.0
A,11.0
INPUT,9.481481481481481
INPUT,7.958333333333334
A,10.975
A,10.977941176470589
A,10.977611940298507
,4.5
A,10.98
A,8.0
A,8.0
A,8.0
A,8.0
A,8.0
INPUT,11.0
INPUT,8.0
,4.5
A,10.993087557603687
INPUT,8.958333333333334
INPUT,9.0
BUTTON,9.0
A,11.0
A,8.5
A,8.5
A,8.5
A,8.5
A,8.5
A,11.0
A,11.0
A,11.0
A,11.0
A,11.0
A,11.0
A,11.0
INPUT,9.5
INPUT,9.5
INPUT,9.5
A,9.5
A,11.0
A,11.0
A,11.0
A,11.0
A,11.0
A,11.0
A,11.0
A,11.0
A,11.0
A,11.0
A,11.0
A,11.0
A,11.0
A,11.0
A,11.0
A,11.0
A,11.0
A,11.0
INPUT,9.481481481481481
INPUT,7.958333333333334
A,10.975
A,10.977941176470589
A,10.977611940298507
,4.5
A,10.98
A,8.0
A,8.0
A,8.0
A,8.0
A,8.0
INPUT,11.0
INPUT,8.0
,4.5
A,10.993087557603687
INPUT,8.958333333333334
INPUT,9.0
BUTTON,9.0
A,11.0
A,8.5
A,8.5
A,8.5
A,8.5
A,8.5
A,11.0
A,11.0
A,11.0
A,11.0
A,11.0
A,11.0
A,11.0
INPUT,9.5
INPUT,9.5
INPUT,9.5
A,9.5
A,11.0
A,11.0
A,11.0
A,11.5
A,11.0
A,11.0
A,11.0
A,11.0
A,11.0
A,11.0
A,11.0
A,11.0
A,11.0
A,11.0
A,11.0
A,11.0
A,11.0
A,11.0
INPUT,9.481481481481481
INPUT,7.958333333333334
A,10.975
A,10.977941176470589
A,10.977611940298507
,4.5
A,10.98
A,8.0
A,8.0
A,8.0
A,8.0
A,8.0
INPUT,11.0
INPUT,8.0
,4.5
A,10.988095238095237
INPUT,8.944444444444445
INPUT,9.0
BUTTON,9.0
A,11.0
A,8.5
A,8.5
A,8.5
A,8.5
A,8.5
A,11.0
A,11.0
A,11.0
A,11.0
A,11.0
A,11.0
A,11.0
INPUT,9.5
INPUT,9.5
INPUT,9.5
A,9.5
A,11.0
A,11.0
A,11.0
A,11.5
A,11.0
A,11.0
A,11.0
A,11.0
A,11.0
A,11.0
A,11.0
A,11.0
A,11.0
A,11.0
A,11.0
A,11.0
A,11.0
A,11.0
INPUT,9.481481481481481
INPUT,7.958333333333334
A,10.975
A,10.977941176470589
A,10.977611940298507
,4.5
A,10.98
A,8.0
A,8.0
A,8.0
A,8.0
A,8.0
INPUT,11.0
INPUT,8.0
,4.5
A,10.992647058823529
INPUT,8.944444444444445
INPUT,9.0
BUTTON,9.0
A,11.0
A,8.5
A,8.5
A,8.5
A,8.5
A,8.5
A,11.0
A,11.0
A,11.0
A,11.0
A,11.0
A,11.0
A,11.0
INPUT,9.5
INPUT,9.5
INPUT,9.5
A,9.5
A,11.0
A,11.0
A,11.0
A,11.5
A,11.0
A,11.0
A,11.0
A,11.0
A,11.0
A,11.0
A,11.0
A,11.0
A,11.0
A,11.0
A,11.0
A,11.0
A,11.0
A,11.0
INPUT,9.48469387755102
INPUT,7.961538461538462
A,10.979166666666666
A,10.966666666666667
A,10.983695652173914
,4.5
A,10.983870967741936
A,8.0
A,8.0
A,8.0
A,8.0
A,8.0
INPUT,11.0
INPUT,8.0
,4.5
A,10.993119266055047
INPUT,8.944444444444445
INPUT,9.0
BUTTON,9.0
A,11.0
A,8.5
A,8.5
A,8.5
A,8.5
A,8.5
A,11.0
A,11.0
A,11.0
A,11.0
A,11.0
A,11.0
A,11.0
INPUT,9.5
INPUT,9.5
INPUT,9.5
A,9.5
A,11.0
A,11.0
A,11.0
A,11.5
A,11.0
A,11.0
A,11.0
A,11.0
A,11.0
A,11.0
A,11.0
A,11.0
A,11.0
A,11.0
A,11.0
A,11.0
A,11.0
A,11.0
INPUT,9.48469387755102
INPUT,7.961538461538462
A,10.979166666666666
A,10.966666666666667
A,10.983695652173914
,4.5
A,10.983870967741936
A,8.0
A,8.0
A,8.0
A,8.0
A,8.0
INPUT,11.0
INPUT,8.0
,4.5
A,10.993150684931507
INPUT,8.958333333333334
INPUT,9.0
BUTTON,9.0
A,11.0
A,8.5
A,8.5
A,8.5
A,8.5
A,8.5
A,11.0
A,11.0
A,11.0
A,11.0
A,11.0
A,11.0
A,11.0
INPUT,9.5
INPUT,9.5
INPUT,9.5
A,9.5
A,11.0
A,11.0
A,11.0
A,11.5
A,11.0
A,11.0
A,11.0
A,11.0
A,11.0
A,11.0
A,11.0
A,11.0
A,11.0
A,11.0
A,11.0
A,11.0
A,11.0
A,11.0
INPUT,9.48469387755102
INPUT,7.961538461538462
A,10.979166666666666
A,10.966666666666667
A,10.983695652173914
,4.5
A,10.983870967741936
A,8.0
A,8.0
A,8.0
A,8.0
A,8.0
INPUT,11.0
INPUT,8.0
,4.5
A,10.993150684931507
INPUT,8.944444444444445
INPUT,9.0
BUTTON,9.0
A,11.0
A,8.5
A,8.5
A,8.5
A,8.5
A,8.5
A,11.0
A,11.0
A,11.0
A,11.0
A,11.0
A,11.0
A,11.0
INPUT,9.5
INPUT,9.5
INPUT,9.5
A,9.5
A,11.0
A,11.0
A,11.0
A,11.5
A,11.0
A,11.0
A,11.0
A,11.0
A,11.0
A,11.0
A,11.0
A,11.0
A,11.0
A,11.0
A,11.0
A,11.0
A,11.0
A,11.0
INPUT,9.486842105263158
INPUT,7.972727272727273
A,10.983146067415731
A,10.975409836065573
A,10.986238532110091
,4.5
A,10.986238532110091
A,8.0
A,8.0
A,8.0
A,8.0
A,8.0
INPUT,11.0
INPUT,8.0
,4.5
A,10.992647058823529
INPUT,8.944444444444445
INPUT,9.0
BUTTON,9.0
A,11.0
A,8.5
A,8.5
A,8.5
A,8.5
A,8.5
A,11.0
,4.5
,4.5
,4.5
,4.5
,4.5
,4.5
,4.5
,4.5
,4.5
,4.5
A,11.0
A,11.0
A,11.0
A,11.5
A,11.0
A,11.0
A,11.0
A,11.0
A,11.0
A,11.0
A,11.0
A,11.0
A,11.0
A,11.0
A,11.0
A,11.0
A,11.0
A,11.0
INPUT,9.4875
INPUT,7.975409836065573
A,10.983146067415731
A,10.977611940298507
A,10.986238532110091
,4.5
A,10.986238532110091
A,8.0
A,8.0
A,8.0
A,8.0
A,8.0
INPUT,11.0
INPUT,8.0
,4.5
,4.5
,4.5
,4.5
,4.5
A,11.0
A,8.5
A,8.5
A,8.5
A,8.5
A,8.5
A,11.0
,4.5
,4.5
,4.5
,4.5
,4.5
,4.5
,4.5
,4.5
,4.5
,4.5
A,11.0
A,11.0
A,11.0
A,11.5
A,11.0
A,11.0
A,11.0
A,11.0
A,11.0
A,11.0
A,11.0
A,11.0
A,11.0
A,11.0
A,11.0
A,11.0
A,11.0
A,11.0
INPUT,9.488461538461538
INPUT,7.97887323943662
A,10.983695652173914
A,10.980519480519481
A,10.986607142857142
,4.5
A,10.986607142857142
A,8.0
A,8.0
A,8.0
A,8.0
A,8.0
INPUT,11.0
INPUT,8.0
,4.5
,4.5
,4.5
,4.5
,4.5
A,11.0
A,8.5
A,8.5
A,8.5
A,8.5
A,8.5
A,11.0
,4.5
,4.5
,4.5
,4.5
,4.5
,4.5
,4.5
,4.5
,4.5
,4.5
A,11.0
A,11.0
A,11.0
A,11.5
A,11.0
A,11.0
A,11.0
A,11.0
A,11.0
A,11.0
A,11.0
A,11.0
A,11.0
A,11.0
A,11.0
A,11.0
A,11.0
A,11.0
INPUT,9.488461538461538
INPUT,7.97887323943662
A,10.983695652173914
A,10.980519480519481
A,10.986607142857142
,4.5
A,10.986607142857142
A,8.0
A,8.5
A,8.0
A,8.0
A,8.0
INPUT,11.0
INPUT,8.0
,4.5
,4.5
,4.5
,4.5
,4.5
BUTTON,9.5
A,8.5
A,8.5
A,8.5
A,8.5
A,8.5
,4.5
,4.5
,4.5
,4.5
,4.5
,4.5
,4.5
,4.5
,4.5
,4.5
,4.5
,4.5
,4.5
,4.5
A,11.5
A,11.0
A,11.0
A,11.0
A,11.0
A,11.0
A,11.0
A,11.0
A,11.0
A,11.0
A,11.0
A,11.0
A,11.0
A,11.0
A,11.0
INPUT,9.487804878048781
INPUT,7.973214285714286
A,10.975806451612904
A,10.97972972972973
A,10.986956521739131
,4.5
A,10.985436893203884
INPUT,11.0
INPUT,11.0
INPUT,9.5
A,8.5
INPUT,9.5
INPUT,9.5
INPUT,9.5
INPUT,9.5
INPUT,9.5
INPUT,9.0
INPUT,9.0
INPUT,9.5
A,8.0
A,8.5
A,8.5
A,8.5
A,8.5
A,8.5
A,8.5
A,8.5
A,8.5
A,8.5
A,8.5
A,8.5
,4.5
A,8.0
A,8.0
A,8.0
A,8.0
A,8.0
A,8.0
INPUT,11.0
INPUT,11.0
INPUT,9.5
A,8.5
INPUT,9.5
INPUT,9.5
INPUT,9.5
INPUT,9.5
INPUT,9.5
INPUT,9.0
INPUT,9.0
INPUT,9.5
A,8.0
A,8.5
A,8.5
A,8.5
A,8.5
A,8.5
A,8.5
A,8.5
A,8.5
A,8.5
A,8.5
A,8.5
,4.5
A,8.0
A,8.0
A,8.0
A,8.0
A,8.0
A,8.0
INPUT,8.0
,8.0
BUTTON,8.0
A,8.5
,4.5
,4.5
,4.5
,4.5
,4.5
,4.5
,4.5
,4.5
,4.5
A,8.5
A,8.5
A,8.5
A,8.5
A,8.5
A,8.5
A,8.5
A,8.5
A,8.5
A,8.5
A,8.5
,4.5
A,8.5
A,8.5
A,8.5
A,8.5
A,8.5
A,8.5
,4.5
,4.5
,4.5
,4.5
,4.5
,4.5
,4.5
,4.5
,4.5
,4.5
,4.5
,4.5
,4.5
A,8.5
A,8.5
A,8.5
A,8.5
A,8.5
A,8.5
A,8.5
A,8.5
A,8.5
A,8.5
A,8.5
,4.5
A,8.5
A,8.5
A,8.5
A,8.5
A,8.5
A,8.5
,4.5
,4.5
,4.5
,4.5
,4.5
,4.5
,4.5
,4.5
,4.5
,4.5
,4.5
,4.5
,4.5
A,8.5
A,8.5
A,8.5
A,8.5
A,8.5
A,8.5
A,8.5
A,8.5
A,8.5
A,8.5
A,8.5
,4.5
A,8.5
A,8.5
A,8.5
A,8.5
A,8.5
A,8.5
,4.5
,4.5
,4.5
,4.5
,4.5
,4.5
,4.5
,4.5
,4.5
,4.5
,4.5
,4.5
,4.5
A,8.5
A,8.5
A,8.5
A,8.5
A,8.5
A,8.5
A,8.5
A,8.5
A,8.5
A,8.5
A,8.5
,4.5
A,8.5
A,8.5
A,8.5
A,8.5
A,8.5
A,8.5
,4.5
,4.5
,4.5
,4.5
,4.5
,4.5
,4.5
,4.5
,4.5
,4.5
,4.5
,4.5
,4.5
A,8.5
A,8.5
A,8.5
A,8.5
A,8.5
A,8.5
A,8.5
A,8.5
A,8.5
A,8.5
A,8.5
,4.5
A,8.5
A,8.5
A,8.5
A,8.5
A,8.5
A,8.5
,4.5
,4.5
,4.5
,4.5
,4.5
,4.5
,4.5
,4.5
,4.5
,4.5
,4.5
,4.5
,4.5
A,8.5
A,8.5
A,8.5
A,8.5
A,8.5
A,8.5
A,8.5
A,8.5
A,8.5
A,8.5
A,8.5
,4.5
A,8.5
A,8.5
A,8.5
A,8.5
A,8.5
A,8.5
,4.5
,4.5
,4.5
,4.5
,4.5
,4.5
,4.5
,4.5
,4.5
,4.5
,4.5
,4.5
,4.5
A,8.5
A,8.5
A,8.5
A,8.5
A,8.5
A,8.5
A,8.5
A,8.5
A,8.5
A,8.5
A,8.5
,4.5
A,8.5
A,8.5
A,8.5
A,8.5
A,8.5
A,8.5
,4.5
,4.5
,4.5
,4.5
,4.5
,4.5
,4.5
,4.5
,4.5
,4.5
,4.5
,4.5
,4.5
A,8.5
A,8.5
A,8.5
A,8.5
A,8.5
A,8.5
A,8.5
A,8.5
A,8.5
A,8.5
A,8.5
,4.5
A,8.5
A,8.5
A,8.5
A,8.5
A,8.5
A,8.5
,4.5
,4.5
,4.5
,4.5
,4.5
,4.5
,4.5
,4.5
,4.5
,4.5
,4.5
,4.5
,4.5
A,8.5
A,8.5
A,8.5
A,8.5
A,8.5
A,8.5
A,8.5
A,8.5
A,8.5
A,8.5
A,8.5
,4.5
A,8.5
A,8.5
A,8.5
A,8.5
A,8.5
A,8.5
,4.5
,4.5
,4.5
,4.5
,4.5
,4.5
,4.5
,4.5
,4.5
,4.5
,4.5
,4.5
,4.5
A,8.5
A,8.5
A,8.5
A,8.5
A,8.5
A,8.5
A,8.5
A,8.5
A,8.5
A,8.5
A,8.5
,4.5
A,8.5
A,8.5
A,8.5
A,8.5
A,8.5
A,8.5
,4.5
,4.5
,4.5
,4.5
,4.5
,4.5
,4.5
,4.5
,4.5
,4.5
,4.5
,4.5
,4.5
A,8.5
A,8.5
A,8.5
A,8.5
A,8.5
A,8.5
A,8.5
A,8.5
A,8.5
A,8.5
A,8.5
,4.5
A,8.5
A,8.5
A,8.5
A,8.5
A,8.5
A,8.5
,4.5
,4.5
,4.5
,4.5
,4.5
,4.5
,4.5
,4.5
,4.5
,4.5
,4.5
,4.5
,4.5
A,8.5
A,8.5
A,8.5
A,8.5
A,8.5
A,8.5
A,8.5
A,8.5
A,8.5
A,8.5
A,8.5
,4.5
A,8.5
A,8.5
A,8.5
A,8.5
A,8.5
A,8.5
,4.5
,4.5
,4.5
,4.5
,4.5
,4.5
,4.5
,4.5
,4.5
,4.5
,4.5
,4.5
,4.5
A,8.5
A,8.5
A,8.5
A,8.5
A,8.5
A,8.5
A,8.5
A,8.5
A,8.5
A,8.5
A,8.5
,4.5
A,8.5
A,8.5
A,8.5
A,8.5
A,8.5
A,8.5
,4.5
,4.5
,4.5
,4.5
,4.5
,4.5
,4.5
,4.5
A,10.0
INPUT,9.5
BUTTON,8.0
A,10.0
BUTTON,6.5
A,10.0
A,10.0
A,8.5
A,8.5
A,8.5
A,8.5
A,8.5
A,8.5
A,8.5
A,8.5
H2,7.986486486486486
A,8.5
A,8.5
A,8.5
A,8.5
A,8.5
A,8.5
A,8.5
A,8.5
,4.5
,4.5
,4.5
,4.5
,4.5
,4.5
,4.5
,4.5
A,10.0
INPUT,9.5
BUTTON,8.0
A,10.0
BUTTON,6.5
A,10.0
A,10.0
A,8.5
A,8.5
A,8.5
A,8.5
A,8.5
A,8.5
A,8.5
,4.5
H2,7.983870967741936
A,8.5
A,8.5
A,8.5
A,8.5
A,8.5
A,8.5
A,8.5
A,8.5
,4.5
,4.5
,4.5
,4.5
,4.5
,4.5
,4.5
,4.5
A,10.0
INPUT,9.5
BUTTON,8.0
A,10.0
BUTTON,6.5
A,10.0
A,10.0
A,8.5
A,8.5
A,8.5
A,8.5
A,8.5
A,8.5
A,8.5
,4.5
H2,8.0
,4.5
A,8.5
A,8.5
A,8.5
A,8.5
A,8.5
A,8.5
A,8.5
,4.5
,4.5
,4.5
,4.5
,4.5
,4.5
,4.5
,4.5
A,8.5
INPUT,9.5
BUTTON,8.0
A,10.0
BUTTON,8.0
A,10.0
A,8.5
A,8.5
A,8.5
A,8.5
A,8.5
A,8.5
A,8.5
A,8.5
,4.5
H2,8.0
,4.5
A,8.5
A,8.5
A,8.5
A,8.5
A,8.5
A,8.5
A,8.5
,4.5
,4.5
,4.5
,4.5
,4.5
,4.5
,4.5
,4.5
A,8.5
INPUT,9.5
BUTTON,8.0
A,10.0
BUTTON,8.0
A,10.0
A,8.5
A,8.5
A,8.5
A,8.5
A,8.5
A,8.5
,4.5
A,8.5
,4.5
,4.5
,4.5
A,8.5
A,8.5
A,8.5
A,8.5
A,8.5
A,8.5
A,8.5
,4.5
,4.5
,4.5
,4.5
,4.5
,4.5
,4.5
,4.5
A,8.5
INPUT,9.5
BUTTON,8.0
A,10.0
BUTTON,8.0
A,10.0
A,8.5
A,8.5
A,8.5
A,8.5
,4.5
A,8.5
,4.5
A,8.5
,4.5
,4.5
,4.5
A,8.5
A,8.5
A,8.5
A,8.5
A,8.5
A,8.5
A,8.5
,4.5
,4.5
,4.5
,4.5
,4.5
,4.5
,4.5
,4.5
A,10.0
INPUT,8.0
INPUT,8.0
A,8.5
INPUT,7.5
A,10.0
A,8.5
A,8.5
A,8.5
A,8.5
,4.5
A,8.5
,4.5
A,8.5
,4.5
,4.5
,4.5
A,8.5
A,8.5
A,8.5
A,8.5
A,8.5
A,8.5
A,8.5
,4.5
,4.5
,4.5
,4.5
,4.5
,4.5
,4.5
,4.5
A,10.0
INPUT,8.0
INPUT,9.5
A,8.5
INPUT,7.483695652173913
A,9.983695652173914
A,8.5
A,8.5
A,8.5
A,8.5
,4.5
A,8.5
,4.5
A,8.5
,4.5
,4.5
,4.5
A,8.5
A,8.5
A,8.5
A,8.5
A,8.5
A,8.5
A,8.5
,4.5
,4.5
,4.5
,4.5
,4.5
,4.5
,4.5
,4.5
A,10.0
INPUT,8.0
INPUT,9.5
A,8.5
INPUT,7.484999999999999
A,9.985
A,8.5
A,8.5
A,8.5
A,8.5
,4.5
A,8.5
,4.5
A,8.5
,4.5
,4.5
,4.5
A,8.5
A,8.5
A,8.5
A,8.5
A,8.5
A,8.5
A,8.5
,4.5
,4.5
,4.5
,4.5
,4.5
,4.5
,4.5
,4.5
A,10.0
INPUT,8.0
INPUT,9.5
A,8.5
INPUT,7.484999999999999
A,9.985
A,10.0
A,10.0
A,10.0
A,10.0
,4.5
A,10.0
,4.5
A,10.0
,4.5
,4.5
,4.5
A,8.5
A,8.5
A,8.5
A,8.5
A,8.5
A,8.5
A,8.5
,4.5
,4.5
,4.5
,4.5
,4.5
,4.5
,4.5
,4.5
A,10.0
INPUT,8.0
INPUT,9.5
A,8.5
INPUT,7.484999999999999
A,9.985
A,10.0
A,10.0
A,10.0
A,10.0
,4.5
A,10.0
,4.5
A,10.0
,4.5
,4.5
,4.5
A,8.5
A,8.5
A,8.5
A,8.5
A,8.5
A,8.5
A,8.5
,4.5
,4.5
,4.5
,4.5
,4.5
,4.5
,4.5
,4.5
A,10.0
INPUT,8.0
BUTTON,9.5
A,8.5
INPUT,7.484999999999999
A,9.985
A,10.0
A,10.0
A,10.0
A,10.0
,4.5
A,10.0
,4.5
A,10.0
,4.5
,4.5
,4.5
A,8.5
A,8.5
A,8.5
A,8.5
A,8.5
A,8.5
A,8.5
,4.5
,4.5
,4.5
,4.5
,4.5
,4.5
,4.5
,4.5
A,10.0
INPUT,8.0
BUTTON,9.5
A,8.5
INPUT,7.484999999999999
A,9.985
A,10.0
A,10.0
A,10.0
A,10.0
,4.5
A,10.0
,4.5
A,10.0
,4.5
,4.5
,4.5
A,8.5
A,8.5
A,8.5
A,8.5
A,8.5
A,8.5
A,8.5
,4.5
,4.5
,4.5
,4.5
,4.5
,4.5
,4.5
,4.5
A,10.0
INPUT,8.0
BUTTON,9.5
A,8.5
INPUT,7.482954545454545
A,9.982954545454545
A,10.0
A,10.0
A,10.0
A,10.0
,4.5
A,10.0
,4.5
A,10.0
,4.5
,4.5
,4.5
,4.5
,4.5
,4.5
,4.5
,4.5
,4.5
,4.5
,4.5
,4.5
,4.5
,4.5
,4.5
,4.5
,4.5
,4.5
A,10.0
INPUT,8.0
BUTTON,9.5
A,8.5
INPUT,7.48125
A,9.98125
A,10.0
A,10.0
A,10.0
A,10.0
,4.5
A,10.0
,4.5
A,10.0
,4.5
,4.5
,4.5
,4.5
,4.5
,4.5
,4.5
,4.5
,4.5
,4.5